证券代码,证券简称,公司全称,上市日期
600000,浦发银行,上海浦东发展银行股份有限公司,1999-11-10
600004,白云机场,广州白云国际机场股份有限公司,2003-04-28
600006,东风汽车,东风汽车股份有限公司,1999-07-27
600007,中国国贸,中国国际贸易中心股份有限公司,1999-03-12
600008,首创环保,北京首创生态环保集团股份有限公司,2000-04-27
600009,上海机场,上海国际机场股份有限公司,1998-02-18
600010,包钢股份,内蒙古包钢钢联股份有限公司,2001-03-09
600011,华能国际,华能国际电力股份有限公司,2001-12-06
600012,皖通高速,安徽皖通高速公路股份有限公司,2003-01-07
600015,华夏银行,华夏银行股份有限公司,2003-09-12
600016,XD民生银,中国民生银行股份有限公司,2000-12-19
600017,日照港,日照港股份有限公司,2006-10-17
600018,上港集团,上海国际港务(集团)股份有限公司,2000-07-19
600019,宝钢股份,宝山钢铁股份有限公司,2000-12-12
600020,中原高速,河南中原高速公路股份有限公司,2003-08-08
600021,上海电力,上海电力股份有限公司,2003-10-29
600022,山东钢铁,山东钢铁股份有限公司,2004-06-29
600023,浙能电力,浙江浙能电力股份有限公司,2013-12-19
600025,华能水电,华能澜沧江水电股份有限公司,2017-12-15
600026,中远海能,中远海运能源运输股份有限公司,2002-05-23
600027,华电国际,华电国际电力股份有限公司,2005-02-03
600028,中国石化,中国石油化工股份有限公司,2001-08-08
600029,南方航空,中国南方航空股份有限公司,2003-07-25
600030,中信证券,中信证券股份有限公司,2003-01-06
600031,三一重工,三一重工股份有限公司,2003-07-03
600032,浙江新能,浙江省新能源投资集团股份有限公司,2021-05-25
600033,福建高速,福建发展高速公路股份有限公司,2001-02-09
600035,楚天高速,湖北楚天智能交通股份有限公司,2004-03-10
600036,招商银行,招商银行股份有限公司,2002-04-09
600037,歌华有线,北京歌华有线电视网络股份有限公司,2001-02-08
600038,中直股份,中航直升机股份有限公司,2000-12-18
600039,四川路桥,四川路桥建设集团股份有限公司,2003-03-25
600048,保利发展,保利发展控股集团股份有限公司,2006-07-31
600050,中国联通,中国联合网络通信股份有限公司,2002-10-09
600051,宁波联合,宁波联合集团股份有限公司,1997-04-10
600052,东望时代,浙江东望时代科技股份有限公司,1997-04-15
600053,九鼎投资,昆吾九鼎投资控股股份有限公司,1997-04-18
600054,黄山旅游,黄山旅游发展股份有限公司,1997-05-06
600055,万东医疗,北京万东医疗科技股份有限公司,1997-05-19
600056,中国医药,中国医药健康产业股份有限公司,1997-05-15
600057,厦门象屿,厦门象屿股份有限公司,1997-06-04
600058,五矿发展,五矿发展股份有限公司,1997-05-28
600059,古越龙山,浙江古越龙山绍兴酒股份有限公司,1997-05-16
600060,海信视像,海信视像科技股份有限公司,1997-04-22
600061,国投资本,国投资本股份有限公司,1997-05-19
600062,华润双鹤,华润双鹤药业股份有限公司,1997-05-22
600063,皖维高新,安徽皖维高新材料股份有限公司,1997-05-28
600064,南京高科,南京高科股份有限公司,1997-05-06
600066,宇通客车,宇通客车股份有限公司,1997-05-08
600067,冠城大通,冠城大通股份有限公司,1997-05-08
600070,ST富润,浙江富润数字科技股份有限公司,1997-06-04
600071,凤凰光学,凤凰光学股份有限公司,1997-05-28
600072,中船科技,中船科技股份有限公司,1997-06-03
600073,上海梅林,上海梅林正广和股份有限公司,1997-07-04
600075,新疆天业,新疆天业股份有限公司,1997-06-17
600076,康欣新材,康欣新材料股份有限公司,1997-05-26
600077,*ST宋都,宋都基业投资股份有限公司,1997-05-20
600078,ST澄星,江苏澄星磷化工股份有限公司,1997-06-27
600079,人福医药,人福医药集团股份公司,1997-06-06
600080,金花股份,金花企业(集团)股份有限公司,1997-06-12
600081,东风科技,东风电子科技股份有限公司,1997-07-03
600082,海泰发展,天津海泰科技发展股份有限公司,1997-06-20
600083,博信股份,江苏博信投资控股股份有限公司,1997-06-06
600084,中葡股份,中信国安葡萄酒业股份有限公司,1997-07-11
600085,同仁堂,北京同仁堂股份有限公司,1997-06-25
600088,中视传媒,中视传媒股份有限公司,1997-06-16
600089,特变电工,特变电工股份有限公司,1997-06-18
600094,大名城,上海大名城企业股份有限公司,1997-07-03
600095,湘财股份,湘财股份有限公司,1997-07-08
600096,云天化,云南云天化股份有限公司,1997-07-09
600097,开创国际,上海开创国际海洋资源股份有限公司,1997-06-19
600098,广州发展,广州发展集团股份有限公司,1997-07-18
600099,林海股份,林海股份有限公司,1997-07-04
600100,同方股份,同方股份有限公司,1997-06-27
600101,明星电力,四川明星电力股份有限公司,1997-06-27
600103,青山纸业,福建省青山纸业股份有限公司,1997-07-03
600104,上汽集团,上海汽车集团股份有限公司,1997-11-25
600105,永鼎股份,江苏永鼎股份有限公司,1997-09-29
600106,重庆路桥,重庆路桥股份有限公司,1997-06-18
600107,美尔雅,湖北美尔雅股份有限公司,1997-11-06
600108,亚盛集团,甘肃亚盛实业(集团)股份有限公司,1997-08-18
600109,国金证券,国金证券股份有限公司,1997-08-07
600110,诺德股份,诺德新材料股份有限公司,1997-10-07
600111,北方稀土,中国北方稀土(集团)高科技股份有限公司,1997-09-24
600112,ST天成,贵州长征天成控股股份有限公司,1997-11-27
600113,浙江东日,浙江东日股份有限公司,1997-10-21
600114,东睦股份,东睦新材料集团股份有限公司,2004-05-11
600115,中国东航,中国东方航空股份有限公司,1997-11-05
600116,三峡水利,重庆三峡水利电力(集团)股份有限公司,1997-08-04
600117,*ST西钢,西宁特殊钢股份有限公司,1997-10-15
600118,中国卫星,中国东方红卫星股份有限公司,1997-09-08
600119,长江投资,长发集团长江投资实业股份有限公司,1998-01-15
600120,浙江东方,浙江东方金融控股集团股份有限公司,1997-12-01
600121,郑州煤电,郑州煤电股份有限公司,1998-01-07
600122,*ST宏图,江苏宏图高科技股份有限公司,1998-04-20
600123,兰花科创,山西兰花科技创业股份有限公司,1998-12-17
600125,铁龙物流,中铁铁龙集装箱物流股份有限公司,1998-05-11
600126,杭钢股份,杭州钢铁股份有限公司,1998-03-11
600127,金健米业,金健米业股份有限公司,1998-05-06
600128,弘业股份,江苏弘业股份有限公司,1997-09-01
600129,太极集团,重庆太极实业(集团)股份有限公司,1997-11-18
600130,波导股份,宁波波导股份有限公司,2000-07-06
600131,国网信通,国网信息通信股份有限公司,1998-04-02
600132,重庆啤酒,重庆啤酒股份有限公司,1997-10-30
600133,XD东湖高,武汉东湖高新集团股份有限公司,1998-02-12
600135,乐凯胶片,乐凯胶片股份有限公司,1998-01-22
600136,*ST明诚,武汉当代明诚文化体育集团股份有限公司,1998-03-03
600137,浪莎股份,四川浪莎控股股份有限公司,1998-04-16
600138,中青旅,中青旅控股股份有限公司,1997-12-03
600141,兴发集团,湖北兴发化工集团股份有限公司,1999-06-16
600143,金发科技,金发科技股份有限公司,2004-06-23
600148,长春一东,长春一东离合器股份有限公司,1998-05-20
600149,廊坊发展,廊坊发展股份有限公司,1999-10-14
600150,中国船舶,中国船舶工业股份有限公司,1998-05-20
600151,航天机电,上海航天汽车机电股份有限公司,1998-06-05
600152,维科技术,维科技术股份有限公司,1998-06-09
600153,建发股份,厦门建发股份有限公司,1998-06-16
600155,华创云信,华创云信数字技术股份有限公司,1998-09-18
600156,华升股份,湖南华升股份有限公司,1998-05-27
600157,永泰能源,永泰能源集团股份有限公司,1998-05-13
600158,中体产业,中体产业集团股份有限公司,1998-03-27
600159,大龙地产,北京市大龙伟业房地产开发股份有限公司,1998-05-26
600160,巨化股份,浙江巨化股份有限公司,1998-06-26
600161,天坛生物,北京天坛生物制品股份有限公司,1998-06-16
600162,香江控股,深圳香江控股股份有限公司,1998-06-09
600163,中闽能源,中闽能源股份有限公司,1998-06-02
600165,宁科生物,宁夏中科生物科技股份有限公司,1998-05-29
600166,福田汽车,北汽福田汽车股份有限公司,1998-06-02
600167,联美控股,联美量子股份有限公司,1999-01-28
600168,武汉控股,武汉三镇实业控股股份有限公司,1998-04-27
600169,太原重工,太原重工股份有限公司,1998-09-04
600170,上海建工,上海建工集团股份有限公司,1998-06-23
600171,上海贝岭,上海贝岭股份有限公司,1998-09-24
600172,黄河旋风,河南黄河旋风股份有限公司,1998-11-26
600173,卧龙地产,卧龙资源集团股份有限公司,1999-04-15
600176,中国巨石,中国巨石股份有限公司,1999-04-22
600177,雅戈尔,雅戈尔集团股份有限公司,1998-11-19
600178,东安动力,哈尔滨东安汽车动力股份有限公司,1998-10-14
600179,安通控股,安通控股股份有限公司,1998-11-04
600180,瑞茂通,瑞茂通供应链管理股份有限公司,1998-07-03
600182,S佳通,佳通轮胎股份有限公司,1999-05-07
600183,生益科技,广东生益科技股份有限公司,1998-10-28
600184,光电股份,北方光电股份有限公司,2003-11-06
600185,格力地产,格力地产股份有限公司,1999-06-11
600186,莲花健康,莲花健康产业集团股份有限公司,1998-08-25
600187,国中水务,黑龙江国中水务股份有限公司,1998-11-11
600188,兖矿能源,兖矿能源集团股份有限公司,1998-07-01
600189,泉阳泉,吉林泉阳泉股份有限公司,1998-10-07
600190,锦州港,锦州港股份有限公司,1999-06-09
600191,华资实业,包头华资实业股份有限公司,1998-12-10
600192,长城电工,兰州长城电工股份有限公司,1998-12-24
600193,创兴资源,上海创兴资源开发股份有限公司,1999-05-27
600195,中牧股份,中牧实业股份有限公司,1999-01-07
600196,复星医药,上海复星医药(集团)股份有限公司,1998-08-07
600197,伊力特,新疆伊力特实业股份有限公司,1999-09-16
600198,大唐电信,大唐电信科技股份有限公司,1998-10-21
600199,金种子酒,安徽金种子酒业股份有限公司,1998-08-12
600200,江苏吴中,江苏吴中医药发展股份有限公司,1999-04-01
600201,生物股份,金宇生物技术股份有限公司,1999-01-15
600202,哈空调,哈尔滨空调股份有限公司,1999-06-03
600203,福日电子,福建福日电子股份有限公司,1999-05-14
600206,有研新材,有研新材料股份有限公司,1999-03-19
600207,安彩高科,河南安彩高科股份有限公司,1999-07-14
600208,新湖中宝,新湖中宝股份有限公司,1999-06-23
600210,紫江企业,上海紫江企业集团股份有限公司,1999-08-24
600211,西藏药业,西藏诺迪康药业股份有限公司,1999-07-21
600212,绿能慧充,绿能慧充数字能源技术股份有限公司,1999-08-17
600213,亚星客车,扬州亚星客车股份有限公司,1999-08-31
600215,派斯林,派斯林数字科技股份有限公司,1999-09-09
600216,浙江医药,浙江医药股份有限公司,1999-10-21
600217,中再资环,中再资源环境股份有限公司,1999-12-16
600218,全柴动力,安徽全柴动力股份有限公司,1998-12-03
600219,南山铝业,山东南山铝业股份有限公司,1999-12-23
600220,江苏阳光,江苏阳光股份有限公司,1999-09-27
600221,海航控股,海南航空控股股份有限公司,1999-11-25
600222,太龙药业,河南太龙药业股份有限公司,1999-11-05
600223,福瑞达,鲁商福瑞达医药股份有限公司,2000-01-13
600225,卓朗科技,天津卓朗信息科技股份有限公司,2000-01-27
600226,瀚叶股份,浙江瀚叶股份有限公司,1999-11-16
600227,赤天化,贵州赤天化股份有限公司,2000-02-21
600228,返利科技,返利网数字科技股份有限公司,1999-01-19
600229,城市传媒,青岛城市传媒股份有限公司,2000-03-09
600230,沧州大化,沧州大化股份有限公司,2000-04-06
600231,凌钢股份,凌源钢铁股份有限公司,2000-05-11
600232,金鹰股份,浙江金鹰股份有限公司,2000-06-02
600233,圆通速递,圆通速递股份有限公司,2000-06-08
600234,科新发展,山西科新发展股份有限公司,2000-06-15
600235,民丰特纸,民丰特种纸股份有限公司,2000-06-15
600236,桂冠电力,广西桂冠电力股份有限公司,2000-03-23
600237,铜峰电子,安徽铜峰电子股份有限公司,2000-06-09
600238,海南椰岛,海南椰岛(集团)股份有限公司,2000-01-20
600239,云南城投,云南城投置业股份有限公司,1999-12-02
600241,时代万恒,辽宁时代万恒股份有限公司,2000-11-28
600242,退市中昌,中昌大数据股份有限公司,2000-12-07
600243,青海华鼎,青海华鼎实业股份有限公司,2000-11-20
600246,万通发展,北京万通新发展集团股份有限公司,2000-09-22
600248,陕建股份,陕西建工集团股份有限公司,2000-06-22
600249,两面针,柳州两面针股份有限公司,2004-01-30
600250,南纺股份,南京纺织品进出口股份有限公司,2001-03-06
600251,冠农股份,新疆冠农股份有限公司,2003-06-09
600252,中恒集团,广西梧州中恒集团股份有限公司,2000-11-30
600255,鑫科材料,安徽鑫科新材料股份有限公司,2000-11-22
600256,广汇能源,广汇能源股份有限公司,2000-05-26
600257,大湖股份,大湖水殖股份有限公司,2000-06-12
600258,首旅酒店,北京首旅酒店(集团)股份有限公司,2000-06-01
600259,广晟有色,广晟有色金属股份有限公司,2000-05-25
600261,阳光照明,浙江阳光照明电器集团股份有限公司,2000-07-20
600262,北方股份,内蒙古北方重型汽车股份有限公司,2000-06-30
600265,ST景谷,云南景谷林业股份有限公司,2000-08-25
600266,城建发展,北京城建投资发展股份有限公司,1999-02-03
600267,海正药业,浙江海正药业股份有限公司,2000-07-25
600268,国电南自,国电南京自动化股份有限公司,1999-11-18
600269,赣粤高速,江西赣粤高速公路股份有限公司,2000-05-18
600271,XD航天信,航天信息股份有限公司,2003-07-11
600272,开开实业,上海开开实业股份有限公司,2001-02-28
600273,嘉化能源,浙江嘉化能源化工股份有限公司,2003-06-27
600276,恒瑞医药,江苏恒瑞医药股份有限公司,2000-10-18
600277,亿利洁能,亿利洁能股份有限公司,2000-07-25
600278,东方创业,东方国际创业股份有限公司,2000-07-12
600279,重庆港,重庆港股份有限公司,2000-07-31
600280,中央商场,南京中央商场(集团)股份有限公司,2000-09-26
600281,华阳新材,山西华阳新材料股份有限公司,2000-11-09
600282,南钢股份,南京钢铁股份有限公司,2000-09-19
600283,钱江水利,钱江水利开发股份有限公司,2000-10-18
600284,浦东建设,上海浦东建设股份有限公司,2004-03-16
600285,羚锐制药,河南羚锐制药股份有限公司,2000-10-18
600287,江苏舜天,江苏舜天股份有限公司,2000-09-01
600288,大恒科技,大恒新纪元科技股份有限公司,2000-11-29
600289,ST信通,亿阳信通股份有限公司,2000-07-20
600290,*ST华仪,华仪电气股份有限公司,2000-11-06
600292,远达环保,国家电投集团远达环保股份有限公司,2000-11-01
600293,三峡新材,湖北三峡新型建材股份有限公司,2000-09-19
600295,鄂尔多斯,内蒙古鄂尔多斯资源股份有限公司,2001-04-26
600297,广汇汽车,广汇汽车服务集团股份公司,2000-11-16
600298,安琪酵母,安琪酵母股份有限公司,2000-08-18
600299,安迪苏,蓝星安迪苏股份有限公司,2000-04-20
600300,维维股份,维维食品饮料股份有限公司,2000-06-30
600301,华锡有色,广西华锡有色金属股份有限公司,2000-07-12
600302,标准股份,西安标准工业股份有限公司,2000-12-13
600303,ST曙光,辽宁曙光汽车集团股份有限公司,2000-12-26
600305,恒顺醋业,江苏恒顺醋业股份有限公司,2001-02-06
600306,*ST商城,沈阳商业城股份有限公司,2000-12-26
600307,酒钢宏兴,甘肃酒钢集团宏兴钢铁股份有限公司,2000-12-20
600308,华泰股份,山东华泰纸业股份有限公司,2000-09-28
600309,万华化学,万华化学集团股份有限公司,2001-01-05
600310,桂东电力,广西能源股份有限公司,2001-02-28
600312,平高电气,河南平高电气股份有限公司,2001-02-21
600313,农发种业,中农发种业集团股份有限公司,2001-01-19
600315,上海家化,上海家化联合股份有限公司,2001-03-15
600316,洪都航空,江西洪都航空工业股份有限公司,2000-12-15
600318,新力金融,安徽新力金融股份有限公司,2000-12-08
600319,亚星化学,潍坊亚星化学股份有限公司,2001-03-26
600320,振华重工,上海振华重工(集团)股份有限公司,2000-12-21
600321,正源股份,正源控股股份有限公司,2001-05-24
600322,天房发展,天津市房地产发展(集团)股份有限公司,2001-09-10
600323,瀚蓝环境,瀚蓝环境股份有限公司,2000-12-25
600325,华发股份,珠海华发实业股份有限公司,2004-02-25
600326,西藏天路,西藏天路股份有限公司,2001-01-16
600327,大东方,无锡商业大厦大东方股份有限公司,2002-06-25
600328,中盐化工,中盐内蒙古化工股份有限公司,2000-12-22
600329,达仁堂,津药达仁堂集团股份有限公司,2001-06-06
600330,天通股份,天通控股股份有限公司,2001-01-18
600331,宏达股份,四川宏达股份有限公司,2001-12-20
600332,白云山,广州白云山医药集团股份有限公司,2001-02-06
600333,长春燃气,长春燃气股份有限公司,2000-12-11
600335,国机汽车,国机汽车股份有限公司,2001-03-05
600336,澳柯玛,澳柯玛股份有限公司,2000-12-29
600337,美克家居,美克国际家居用品股份有限公司,2000-11-27
600338,西藏珠峰,西藏珠峰资源股份有限公司,2000-12-27
600339,中油工程,中国石油集团工程股份有限公司,2000-12-25
600340,华夏幸福,华夏幸福基业股份有限公司,2003-12-30
600343,航天动力,陕西航天动力高科技股份有限公司,2003-04-08
600345,长江通信,武汉长江通信产业集团股份有限公司,2000-12-22
600346,恒力石化,恒力石化股份有限公司,2001-08-20
600348,华阳股份,山西华阳集团新能股份有限公司,2003-08-21
600350,山东高速,山东高速股份有限公司,2002-03-18
600351,亚宝药业,亚宝药业集团股份有限公司,2002-09-26
600352,浙江龙盛,浙江龙盛集团股份有限公司,2003-08-01
600353,旭光电子,成都旭光电子股份有限公司,2002-11-20
600354,敦煌种业,甘肃省敦煌种业集团股份有限公司,2004-01-15
600355,精伦电子,精伦电子股份有限公司,2002-06-13
600356,恒丰纸业,牡丹江恒丰纸业股份有限公司,2001-04-19
600358,国旅联合,国旅文化投资集团股份有限公司,2000-09-22
600359,新农开发,新疆塔里木农业综合开发股份有限公司,1999-04-29
600360,华微电子,吉林华微电子股份有限公司,2001-03-16
600361,创新新材,创新新材料科技股份有限公司,2001-11-29
600362,江西铜业,江西铜业股份有限公司,2002-01-11
600363,XD联创光,江西联创光电科技股份有限公司,2001-03-29
600365,ST通葡,通化葡萄酒股份有限公司,2001-01-15
600366,宁波韵升,宁波韵升股份有限公司,2000-10-30
600367,红星发展,贵州红星发展股份有限公司,2001-03-20
600368,五洲交通,广西五洲交通股份有限公司,2000-12-21
600369,西南证券,西南证券股份有限公司,2001-01-09
600370,三房巷,江苏三房巷聚材股份有限公司,2003-03-06
600371,万向德农,万向德农股份有限公司,2002-09-16
600372,中航电子,中航航空电子系统股份有限公司,2001-07-06
600373,中文传媒,中文天地出版传媒集团股份有限公司,2002-03-04
600375,汉马科技,汉马科技集团股份有限公司,2003-04-01
600376,首开股份,北京首都开发股份有限公司,2001-03-12
600377,宁沪高速,江苏宁沪高速公路股份有限公司,2001-01-16
600378,昊华科技,昊华化工科技集团股份有限公司,2001-01-11
600379,宝光股份,陕西宝光真空电器股份有限公司,2002-01-16
600380,健康元,健康元药业集团股份有限公司,2001-06-08
600381,青海春天,青海春天药用资源科技股份有限公司,2001-05-08
600382,广东明珠,广东明珠集团股份有限公司,2001-01-18
600383,金地集团,金地(集团)股份有限公司,2001-04-12
600386,北巴传媒,北京巴士传媒股份有限公司,2001-02-16
600387,ST海越,海越能源集团股份有限公司,2004-02-18
600388,ST龙净,福建龙净环保股份有限公司,2000-12-29
600389,江山股份,南通江山农药化工股份有限公司,2001-01-10
600390,五矿资本,五矿资本股份有限公司,2001-01-15
600391,航发科技,中国航发航空科技股份有限公司,2001-12-12
600392,盛和资源,盛和资源控股股份有限公司,2003-05-29
600393,ST粤泰,广州粤泰集团股份有限公司,2001-03-19
600395,盘江股份,贵州盘江精煤股份有限公司,2001-05-31
600396,*ST金山,沈阳金山能源股份有限公司,2001-03-28
600397,安源煤业,安源煤业集团股份有限公司,2002-07-02
600398,海澜之家,海澜之家集团股份有限公司,2000-12-28
600399,抚顺特钢,抚顺特殊钢股份有限公司,2000-12-29
600400,红豆股份,江苏红豆实业股份有限公司,2001-01-08
600403,大有能源,河南大有能源股份有限公司,2003-10-09
600405,动力源,北京动力源科技股份有限公司,2004-04-01
600406,国电南瑞,国电南瑞科技股份有限公司,2003-10-16
600408,安泰集团,山西安泰集团股份有限公司,2003-02-12
600409,三友化工,唐山三友化工股份有限公司,2003-06-18
600410,华胜天成,北京华胜天成科技股份有限公司,2004-04-27
600415,小商品城,浙江中国小商品城集团股份有限公司,2002-05-09
600416,湘电股份,湘潭电机股份有限公司,2002-07-18
600418,江淮汽车,安徽江淮汽车集团股份有限公司,2001-08-24
600419,天润乳业,新疆天润乳业股份有限公司,2001-06-28
600420,国药现代,上海现代制药股份有限公司,2004-06-16
600421,华嵘控股,湖北华嵘控股股份有限公司,2004-06-07
600422,昆药集团,昆药集团股份有限公司,2000-12-06
600423,柳化股份,柳州化工股份有限公司,2003-07-17
600425,青松建化,新疆青松建材化工(集团)股份有限公司,2003-07-24
600426,华鲁恒升,山东华鲁恒升化工股份有限公司,2002-06-20
600428,中远海特,中远海运特种运输股份有限公司,2002-04-18
600429,三元股份,北京三元食品股份有限公司,2003-09-15
600433,冠豪高新,广东冠豪高新技术股份有限公司,2003-06-19
600435,北方导航,北方导航控制技术股份有限公司,2003-07-04
600436,片仔癀,漳州片仔癀药业股份有限公司,2003-06-16
600438,通威股份,通威股份有限公司,2004-03-02
600439,瑞贝卡,河南瑞贝卡发制品股份有限公司,2003-07-10
600444,国机通用,国机通用机械科技股份有限公司,2004-02-19
600446,金证股份,深圳市金证科技股份有限公司,2003-12-24
600448,华纺股份,华纺股份有限公司,2001-09-03
600449,宁夏建材,宁夏建材集团股份有限公司,2003-08-29
600452,涪陵电力,重庆涪陵电力实业股份有限公司,2004-03-03
600455,博通股份,西安博通资讯股份有限公司,2004-03-29
600456,宝钛股份,宝鸡钛业股份有限公司,2002-04-12
600458,XD时代新,株洲时代新材料科技股份有限公司,2002-12-19
600459,贵研铂业,贵研铂业股份有限公司,2003-05-16
600460,士兰微,杭州士兰微电子股份有限公司,2003-03-11
600461,洪城环境,江西洪城环境股份有限公司,2004-06-01
600462,ST九有,湖北九有投资股份有限公司,2003-09-03
600463,空港股份,北京空港科技园区股份有限公司,2004-03-18
600467,好当家,山东好当家海洋发展股份有限公司,2004-04-05
600468,百利电气,天津百利特精电气股份有限公司,2001-06-15
600469,风神股份,风神轮胎股份有限公司,2003-10-21
600470,六国化工,安徽六国化工股份有限公司,2004-03-05
600475,华光环能,无锡华光环保能源集团股份有限公司,2003-07-21
600476,湘邮科技,湖南湘邮科技股份有限公司,2003-12-10
600477,杭萧钢构,杭萧钢构股份有限公司,2003-11-10
600478,科力远,湖南科力远新能源股份有限公司,2003-09-18
600479,千金药业,株洲千金药业股份有限公司,2004-03-12
600480,凌云股份,凌云工业股份有限公司,2003-08-15
600481,双良节能,双良节能系统股份有限公司,2003-04-22
600482,中国动力,中国船舶重工集团动力股份有限公司,2004-07-14
600483,福能股份,福建福能股份有限公司,2004-05-31
600486,扬农化工,江苏扬农化工股份有限公司,2002-04-25
600487,亨通光电,江苏亨通光电股份有限公司,2003-08-22
600488,津药药业,津药药业股份有限公司,2001-06-18
600489,中金黄金,中金黄金股份有限公司,2003-08-14
600490,鹏欣资源,鹏欣环球资源股份有限公司,2003-06-26
600491,龙元建设,龙元建设集团股份有限公司,2004-05-24
600493,凤竹纺织,福建凤竹纺织科技股份有限公司,2004-04-21
600495,晋西车轴,晋西车轴股份有限公司,2004-05-26
600496,精工钢构,长江精工钢结构(集团)股份有限公司,2002-06-05
600497,驰宏锌锗,云南驰宏锌锗股份有限公司,2004-04-20
600498,烽火通信,烽火通信科技股份有限公司,2001-08-23
600499,科达制造,科达制造股份有限公司,2002-10-10
600500,中化国际,中化国际(控股)股份有限公司,2000-03-01
600501,航天晨光,航天晨光股份有限公司,2001-06-15
600502,安徽建工,安徽建工集团股份有限公司,2003-04-15
600503,华丽家族,华丽家族股份有限公司,2002-07-09
600505,西昌电力,四川西昌电力股份有限公司,2002-05-30
600506,统一股份,统一低碳科技(新疆)股份有限公司,2001-12-26
600507,方大特钢,方大特钢科技股份有限公司,2003-09-30
600508,上海能源,上海大屯能源股份有限公司,2001-08-29
600509,天富能源,新疆天富能源股份有限公司,2002-02-28
600510,黑牡丹,黑牡丹(集团)股份有限公司,2002-06-18
600511,国药股份,国药集团药业股份有限公司,2002-11-27
600512,腾达建设,腾达建设集团股份有限公司,2002-12-26
600513,联环药业,江苏联环药业股份有限公司,2003-03-19
600515,海南机场,海南机场设施股份有限公司,2002-08-06
600516,方大炭素,方大炭素新材料科技股份有限公司,2002-08-30
600517,国网英大,国网英大股份有限公司,2003-10-10
600518,ST康美,康美药业股份有限公司,2001-03-19
600519,贵州茅台,贵州茅台酒股份有限公司,2001-08-27
600520,文一科技,文一三佳科技股份有限公司,2002-01-08
600521,华海药业,浙江华海药业股份有限公司,2003-03-04
600522,中天科技,江苏中天科技股份有限公司,2002-10-24
600523,贵航股份,贵州贵航汽车零部件股份有限公司,2001-12-27
600525,长园集团,长园科技集团股份有限公司,2002-12-02
600526,菲达环保,浙江菲达环保科技股份有限公司,2002-07-22
600527,江南高纤,江苏江南高纤股份有限公司,2003-11-27
600528,中铁工业,中铁高新工业股份有限公司,2001-05-28
600529,山东药玻,山东省药用玻璃股份有限公司,2002-06-03
600530,交大昂立,上海交大昂立股份有限公司,2001-07-02
600531,豫光金铅,河南豫光金铅股份有限公司,2002-07-30
600532,退市未来,上海智汇未来医疗服务股份有限公司,2002-10-31
600533,栖霞建设,南京栖霞建设股份有限公司,2002-03-28
600535,天士力,天士力医药集团股份有限公司,2002-08-23
600536,中国软件,中国软件与技术服务股份有限公司,2002-05-17
600537,亿晶光电,亿晶光电科技股份有限公司,2003-01-23
600538,国发股份,北海国发川山生物股份有限公司,2003-01-14
600539,狮头股份,狮头科技发展股份有限公司,2001-08-24
600540,新赛股份,新疆赛里木现代农业股份有限公司,2004-01-07
600543,*ST莫高,甘肃莫高实业发展股份有限公司,2004-03-24
600545,卓郎智能,卓郎智能技术股份有限公司,2003-12-03
600546,山煤国际,山煤国际能源集团股份有限公司,2003-07-31
600547,山东黄金,山东黄金矿业股份有限公司,2003-08-28
600548,深高速,深圳高速公路集团股份有限公司,2001-12-25
600549,厦门钨业,厦门钨业股份有限公司,2002-11-07
600550,保变电气,保定天威保变电气股份有限公司,2001-02-28
600551,时代出版,时代出版传媒股份有限公司,2002-09-05
600552,凯盛科技,凯盛科技股份有限公司,2002-11-08
600556,天下秀,天下秀数字科技(集团)股份有限公司,2001-08-07
600557,康缘药业,江苏康缘药业股份有限公司,2002-09-18
600558,大西洋,四川大西洋焊接材料股份有限公司,2001-02-27
600559,老白干酒,河北衡水老白干酒业股份有限公司,2002-10-29
600560,金自天正,北京金自天正智能控制股份有限公司,2002-09-19
600561,江西长运,江西长运股份有限公司,2002-07-16
600562,国睿科技,国睿科技股份有限公司,2003-01-28
600563,法拉电子,厦门法拉电子股份有限公司,2002-12-10
600565,迪马股份,重庆市迪马实业股份有限公司,2002-07-23
600566,济川药业,湖北济川药业股份有限公司,2001-08-22
600567,山鹰国际,山鹰国际控股股份公司,2001-12-18
600568,ST中珠,中珠医疗控股股份有限公司,2001-05-18
600569,安阳钢铁,安阳钢铁股份有限公司,2001-08-20
600570,恒生电子,恒生电子股份有限公司,2003-12-16
600571,信雅达,信雅达科技股份有限公司,2002-11-01
600572,康恩贝,浙江康恩贝制药股份有限公司,2004-04-12
600573,惠泉啤酒,福建省燕京惠泉啤酒股份有限公司,2003-02-26
600575,淮河能源,淮河能源(集团)股份有限公司,2003-03-28
600576,祥源文旅,浙江祥源文旅股份有限公司,2003-02-20
600577,精达股份,铜陵精达特种电磁线股份有限公司,2002-09-11
600578,京能电力,北京京能电力股份有限公司,2002-05-10
600579,克劳斯,克劳斯玛菲股份有限公司,2002-08-09
600580,卧龙电驱,卧龙电气驱动集团股份有限公司,2002-06-06
600581,八一钢铁,新疆八一钢铁股份有限公司,2002-08-16
600582,天地科技,天地科技股份有限公司,2002-05-15
600583,海油工程,海洋石油工程股份有限公司,2002-02-05
600584,长电科技,江苏长电科技股份有限公司,2003-06-03
600585,海螺水泥,安徽海螺水泥股份有限公司,2002-02-07
600586,金晶科技,山东金晶科技股份有限公司,2002-08-15
600587,新华医疗,山东新华医疗器械股份有限公司,2002-09-27
600588,用友网络,用友网络科技股份有限公司,2001-05-18
600589,*ST榕泰,广东榕泰实业股份有限公司,2001-06-12
600590,泰豪科技,泰豪科技股份有限公司,2002-07-03
600592,龙溪股份,福建龙溪轴承(集团)股份有限公司,2002-08-05
600593,大连圣亚,大连圣亚旅游控股股份有限公司,2002-07-11
600594,益佰制药,贵州益佰制药股份有限公司,2004-03-23
600595,中孚实业,河南中孚实业股份有限公司,2002-06-26
600596,新安股份,浙江新安化工集团股份有限公司,2001-09-06
600597,光明乳业,光明乳业股份有限公司,2002-08-28
600598,北大荒,黑龙江北大荒农业股份有限公司,2002-03-29
600599,ST熊猫,熊猫金控股份有限公司,2001-08-28
600600,青岛啤酒,青岛啤酒股份有限公司,1993-08-27
600601,方正科技,方正科技集团股份有限公司,1990-12-19
600602,云赛智联,云赛智联股份有限公司,1990-12-19
600603,广汇物流,广汇物流股份有限公司,1992-01-13
600604,市北高新,上海市北高新股份有限公司,1992-03-27
600605,汇通能源,上海汇通能源股份有限公司,1992-03-27
600606,绿地控股,绿地控股集团股份有限公司,1992-03-27
600608,ST沪科,上海宽频科技股份有限公司,1992-03-27
600609,金杯汽车,金杯汽车股份有限公司,1992-07-24
600610,中毅达,贵州中毅达股份有限公司,1992-08-05
600611,大众交通,大众交通(集团)股份有限公司,1992-08-07
600612,老凤祥,老凤祥股份有限公司,1992-08-14
600613,神奇制药,上海神奇制药投资管理股份有限公司,1992-08-20
600615,丰华股份,重庆丰华(集团)股份有限公司,1992-09-10
600616,金枫酒业,上海金枫酒业股份有限公司,1992-09-29
600617,国新能源,山西省国新能源股份有限公司,1992-10-13
600618,氯碱化工,上海氯碱化工股份有限公司,1992-11-13
600619,海立股份,上海海立(集团)股份有限公司,1992-11-16
600620,天宸股份,上海市天宸股份有限公司,1992-11-17
600621,华鑫股份,上海华鑫股份有限公司,1992-12-02
600622,光大嘉宝,光大嘉宝股份有限公司,1992-12-03
600623,华谊集团,上海华谊集团股份有限公司,1992-12-04
600624,复旦复华,上海复旦复华科技股份有限公司,1993-01-05
600626,申达股份,上海申达股份有限公司,1993-01-07
600628,新世界,上海新世界股份有限公司,1993-01-19
600629,华建集团,华东建筑集团股份有限公司,1993-02-09
600630,龙头股份,上海龙头(集团)股份有限公司,1993-02-09
600633,浙数文化,浙报数字文化集团股份有限公司,1993-03-04
600635,大众公用,上海大众公用事业(集团)股份有限公司,1993-03-04
600636,国新文化,国新文化控股股份有限公司,1993-03-16
600637,东方明珠,东方明珠新媒体股份有限公司,1993-03-16
600638,新黄浦,上海新黄浦实业集团股份有限公司,1993-03-26
600639,浦东金桥,上海金桥出口加工区开发股份有限公司,1993-03-26
600640,国脉文化,新国脉数字文化股份有限公司,1993-04-07
600641,万业企业,上海万业企业股份有限公司,1993-04-07
600642,申能股份,申能股份有限公司,1993-04-16
600643,爱建集团,上海爱建集团股份有限公司,1993-04-26
600644,乐山电力,乐山电力股份有限公司,1993-04-26
600645,中源协和,中源协和细胞基因工程股份有限公司,1993-05-04
600647,*ST同达,上海同达创业投资股份有限公司,1993-05-04
600648,外高桥,上海外高桥集团股份有限公司,1993-05-04
600649,城投控股,上海城投控股股份有限公司,1993-05-18
600650,锦江在线,上海锦江在线网络服务股份有限公司,1993-06-07
600651,飞乐音响,上海飞乐音响股份有限公司,1990-12-19
600653,申华控股,辽宁申华控股股份有限公司,1990-12-19
600654,ST中安,中安科股份有限公司,1990-12-19
600655,豫园股份,上海豫园旅游商城(集团)股份有限公司,1992-09-02
600657,信达地产,信达地产股份有限公司,1993-05-24
600658,电子城,北京电子城高科技集团股份有限公司,1993-05-24
600660,福耀玻璃,福耀玻璃工业集团股份有限公司,1993-06-10
600661,昂立教育,上海新南洋昂立教育科技股份有限公司,1993-06-14
600662,外服控股,上海外服控股集团股份有限公司,1993-06-14
600663,陆家嘴,上海陆家嘴金融贸易区开发股份有限公司,1993-06-28
600664,哈药股份,哈药集团股份有限公司,1993-06-29
600665,天地源,天地源股份有限公司,1993-07-09
600666,ST瑞德,奥瑞德光电股份有限公司,1993-07-12
600667,太极实业,无锡市太极实业股份有限公司,1993-07-28
600668,尖峰集团,浙江尖峰集团股份有限公司,1993-07-28
600671,*ST目药,杭州天目山药业股份有限公司,1993-08-23
600673,东阳光,广东东阳光科技控股股份有限公司,1993-09-17
600674,川投能源,四川川投能源股份有限公司,1993-09-24
600675,中华企业,中华企业股份有限公司,1993-09-24
600676,交运股份,上海交运集团股份有限公司,1993-09-28
600678,四川金顶,四川金顶(集团)股份有限公司,1993-10-08
600679,上海凤凰,上海凤凰企业(集团)股份有限公司,1993-10-08
600681,百川能源,百川能源股份有限公司,1993-10-18
600682,南京新百,南京新街口百货商店股份有限公司,1993-10-18
600683,京投发展,京投发展股份有限公司,1993-10-25
600684,珠江股份,广州珠江发展集团股份有限公司,1993-10-28
600685,中船防务,中船海洋与防务装备股份有限公司,1993-10-28
600686,金龙汽车,厦门金龙汽车集团股份有限公司,1993-11-08
600688,上海石化,中国石化上海石油化工股份有限公司,1993-11-08
600689,上海三毛,上海三毛企业(集团)股份有限公司,1993-11-08
600690,海尔智家,海尔智家股份有限公司,1993-11-19
600691,阳煤化工,阳煤化工股份有限公司,1993-11-19
600692,亚通股份,上海亚通股份有限公司,1993-11-19
600693,东百集团,福建东百集团股份有限公司,1993-11-22
600694,大商股份,大商股份有限公司,1993-11-22
600696,岩石股份,上海贵酒股份有限公司,1993-12-06
600697,欧亚集团,长春欧亚集团股份有限公司,1993-12-06
600698,湖南天雁,湖南天雁机械股份有限公司,1993-12-06
600699,均胜电子,宁波均胜电子股份有限公司,1993-12-06
600702,舍得酒业,舍得酒业股份有限公司,1996-05-24
600703,三安光电,三安光电股份有限公司,1996-05-28
600704,物产中大,物产中大集团股份有限公司,1996-06-06
600705,中航产融,中航工业产融控股股份有限公司,1996-05-16
600706,曲江文旅,西安曲江文化旅游股份有限公司,1996-05-16
600707,彩虹股份,彩虹显示器件股份有限公司,1996-05-20
600708,光明地产,光明房地产集团股份有限公司,1996-06-06
600710,苏美达,苏美达股份有限公司,1996-07-01
600711,盛屯矿业,盛屯矿业集团股份有限公司,1996-05-31
600712,南宁百货,南宁百货大楼股份有限公司,1996-06-26
600713,南京医药,南京医药股份有限公司,1996-07-01
600714,金瑞矿业,青海金瑞矿业发展股份有限公司,1996-06-06
600715,文投控股,文投控股股份有限公司,1996-07-01
600716,凤凰股份,江苏凤凰置业投资股份有限公司,1996-07-02
600717,天津港,天津港股份有限公司,1996-06-14
600718,东软集团,东软集团股份有限公司,1996-06-18
600719,大连热电,大连热电股份有限公司,1996-07-16
600720,祁连山,甘肃祁连山水泥集团股份有限公司,1996-07-16
600721,百花医药,新疆百花村医药集团股份有限公司,1996-06-26
600722,金牛化工,河北金牛化工股份有限公司,1996-06-26
600724,宁波富达,宁波富达股份有限公司,1996-07-16
600725,云维股份,云南云维股份有限公司,1996-07-02
600726,华电能源,华电能源股份有限公司,1996-07-01
600727,鲁北化工,山东鲁北化工股份有限公司,1996-07-02
600728,佳都科技,佳都科技集团股份有限公司,1996-07-16
600729,重庆百货,重庆百货大楼股份有限公司,1996-07-02
600730,中国高科,中国高科集团股份有限公司,1996-07-26
600731,湖南海利,湖南海利化工股份有限公司,1996-08-02
600732,爱旭股份,上海爱旭新能源股份有限公司,1996-08-16
600733,北汽蓝谷,北汽蓝谷新能源科技股份有限公司,1996-08-16
600734,ST实达,福建实达集团股份有限公司,1996-08-08
600735,新华锦,山东新华锦国际股份有限公司,1996-07-26
600736,苏州高新,苏州新区高新技术产业股份有限公司,1996-08-15
600737,中粮糖业,中粮糖业控股股份有限公司,1996-07-31
600738,丽尚国潮,兰州丽尚国潮实业集团股份有限公司,1996-08-02
600739,辽宁成大,辽宁成大股份有限公司,1996-08-19
600740,山西焦化,山西焦化股份有限公司,1996-08-08
600741,华域汽车,华域汽车系统股份有限公司,1996-08-26
600742,一汽富维,长春一汽富维汽车零部件股份有限公司,1996-08-26
600743,华远地产,华远地产股份有限公司,1996-09-09
600744,华银电力,大唐华银电力股份有限公司,1996-09-05
600745,闻泰科技,闻泰科技股份有限公司,1996-08-28
600746,江苏索普,江苏索普化工股份有限公司,1996-09-18
600748,上实发展,上海实业发展股份有限公司,1996-09-25
600749,西藏旅游,西藏旅游股份有限公司,1996-10-15
600750,江中药业,江中药业股份有限公司,1996-09-23
600751,海航科技,海航科技股份有限公司,1996-09-09
600753,庚星股份,庚星能源集团股份有限公司,1996-09-27
600754,锦江酒店,上海锦江国际酒店股份有限公司,1996-10-11
600755,厦门国贸,厦门国贸集团股份有限公司,1996-10-03
600756,浪潮软件,浪潮软件股份有限公司,1996-09-23
600757,长江传媒,长江出版传媒股份有限公司,1996-10-03
600758,辽宁能源,辽宁能源煤电产业股份有限公司,1996-10-29
600759,ST洲际,洲际油气股份有限公司,1996-10-08
600760,中航沈飞,中航沈飞股份有限公司,1996-10-11
600761,安徽合力,安徽合力股份有限公司,1996-10-09
600763,通策医疗,通策医疗股份有限公司,1996-10-30
600764,中国海防,中国船舶重工集团海洋防务与信息对抗股份有限公司,1996-11-04
600765,中航重机,中航重机股份有限公司,1996-11-06
600766,*ST园城,烟台园城黄金股份有限公司,1996-10-28
600767,退市运盛,运盛(成都)医疗科技股份有限公司,1996-11-15
600768,宁波富邦,宁波富邦精业集团股份有限公司,1996-11-11
600769,祥龙电业,武汉祥龙电业股份有限公司,1996-11-01
600770,综艺股份,江苏综艺股份有限公司,1996-11-20
600771,广誉远,广誉远中药股份有限公司,1996-11-05
600773,西藏城投,西藏城市发展投资股份有限公司,1996-11-08
600774,汉商集团,汉商集团股份有限公司,1996-11-08
600775,南京熊猫,南京熊猫电子股份有限公司,1996-11-18
600776,东方通信,东方通信股份有限公司,1996-11-26
600777,新潮能源,山东新潮能源股份有限公司,1996-11-21
600778,友好集团,新疆友好(集团)股份有限公司,1996-12-03
600779,水井坊,四川水井坊股份有限公司,1996-12-06
600780,通宝能源,山西通宝能源股份有限公司,1996-12-05
600781,退市辅仁,辅仁药业集团制药股份有限公司,1996-12-18
600782,新钢股份,新余钢铁股份有限公司,1996-12-25
600783,鲁信创投,鲁信创业投资集团股份有限公司,1996-12-25
600784,鲁银投资,鲁银投资集团股份有限公司,1996-12-25
600785,新华百货,银川新华百货商业集团股份有限公司,1997-01-08
600787,中储股份,中储发展股份有限公司,1997-01-21
600789,鲁抗医药,山东鲁抗医药股份有限公司,1997-02-26
600790,轻纺城,浙江中国轻纺城集团股份有限公司,1997-02-28
600791,京能置业,京能置业股份有限公司,1997-01-30
600792,云煤能源,云南煤业能源股份有限公司,1997-01-23
600793,宜宾纸业,宜宾纸业股份有限公司,1997-02-20
600794,保税科技,张家港保税科技(集团)股份有限公司,1997-03-06
600795,国电电力,国电电力发展股份有限公司,1997-03-18
600796,钱江生化,浙江钱江生物化学股份有限公司,1997-04-08
600797,浙大网新,浙大网新科技股份有限公司,1997-04-18
600798,宁波海运,宁波海运股份有限公司,1997-04-23
600800,渤海化学,天津渤海化学股份有限公司,1993-12-06
600801,华新水泥,华新水泥股份有限公司,1994-01-03
600802,福建水泥,福建水泥股份有限公司,1994-01-03
600803,新奥股份,新奥天然气股份有限公司,1994-01-03
600804,ST鹏博士,鹏博士电信传媒集团股份有限公司,1994-01-03
600805,悦达投资,江苏悦达投资股份有限公司,1994-01-03
600807,济南高新,济南高新发展股份有限公司,1994-01-03
600808,马钢股份,马鞍山钢铁股份有限公司,1994-01-06
600809,XD山西汾,山西杏花村汾酒厂股份有限公司,1994-01-06
600810,神马股份,神马实业股份有限公司,1994-01-06
600811,东方集团,东方集团股份有限公司,1994-01-06
600812,华北制药,华北制药股份有限公司,1994-01-14
600814,杭州解百,杭州解百集团股份有限公司,1994-01-14
600815,厦工股份,厦门厦工机械股份有限公司,1994-01-28
600816,ST安信,建元信托股份有限公司,1994-01-28
600817,宇通重工,宇通重工股份有限公司,1994-01-28
600818,中路股份,中路股份有限公司,1994-01-28
600819,耀皮玻璃,上海耀皮玻璃集团股份有限公司,1994-01-28
600820,隧道股份,上海隧道工程股份有限公司,1994-01-28
600821,金开新能,金开新能源股份有限公司,1994-01-28
600822,上海物贸,上海物资贸易股份有限公司,1994-02-04
600823,ST世茂,上海世茂股份有限公司,1994-02-04
600824,益民集团,上海益民商业集团股份有限公司,1994-02-04
600825,新华传媒,上海新华传媒股份有限公司,1994-02-04
600826,兰生股份,东浩兰生会展集团股份有限公司,1994-02-04
600827,百联股份,上海百联集团股份有限公司,1994-02-04
600828,茂业商业,茂业商业股份有限公司,1994-02-24
600829,人民同泰,哈药集团人民同泰医药股份有限公司,1994-02-24
600830,香溢融通,香溢融通控股集团股份有限公司,1994-02-24
600831,广电网络,陕西广电网络传媒(集团)股份有限公司,1994-02-24
600833,第一医药,上海第一医药股份有限公司,1994-02-24
600834,申通地铁,上海申通地铁股份有限公司,1994-02-24
600835,上海机电,上海机电股份有限公司,1994-02-24
600836,上海易连,上海易连实业集团股份有限公司,1994-02-24
600837,海通证券,海通证券股份有限公司,1994-02-24
600838,上海九百,上海九百股份有限公司,1994-02-24
600839,四川长虹,四川长虹电器股份有限公司,1994-03-11
600841,动力新科,上海新动力汽车科技股份有限公司,1994-03-11
600843,上工申贝,上工申贝(集团)股份有限公司,1994-03-11
600844,丹化科技,丹化化工科技股份有限公司,1994-03-11
600845,宝信软件,上海宝信软件股份有限公司,1994-03-11
600846,同济科技,上海同济科技实业股份有限公司,1994-03-11
600847,万里股份,重庆万里新能源股份有限公司,1994-03-24
600848,上海临港,上海临港控股股份有限公司,1994-03-24
600850,电科数字,中电科数字技术股份有限公司,1994-03-24
600851,海欣股份,上海海欣集团股份有限公司,1994-04-04
600853,龙建股份,龙建路桥股份有限公司,1994-04-04
600854,春兰股份,江苏春兰制冷设备股份有限公司,1994-04-25
600855,航天长峰,北京航天长峰股份有限公司,1994-04-25
600857,宁波中百,宁波中百股份有限公司,1994-04-25
600858,银座股份,银座集团股份有限公司,1994-05-06
600859,王府井,王府井集团股份有限公司,1994-05-06
600860,京城股份,北京京城机电股份有限公司,1994-05-06
600861,北京人力,北京国际人力资本集团股份有限公司,1994-05-20
600862,中航高科,中航航空高科技股份有限公司,1994-05-20
600863,内蒙华电,内蒙古蒙电华能热电股份有限公司,1994-05-20
600864,哈投股份,哈尔滨哈投投资股份有限公司,1994-08-09
600865,百大集团,百大集团股份有限公司,1994-08-09
600866,星湖科技,广东肇庆星湖生物科技股份有限公司,1994-08-18
600867,通化东宝,通化东宝药业股份有限公司,1994-08-24
600868,梅雁吉祥,广东梅雁吉祥水电股份有限公司,1994-09-12
600869,远东股份,远东智慧能源股份有限公司,1995-02-06
600871,石化油服,中石化石油工程技术服务股份有限公司,1995-04-11
600872,中炬高新,中炬高新技术实业(集团)股份有限公司,1995-01-24
600873,梅花生物,梅花生物科技集团股份有限公司,1995-02-17
600874,创业环保,天津创业环保集团股份有限公司,1995-06-30
600875,东方电气,东方电气股份有限公司,1995-10-10
600876,凯盛新能,凯盛新能源股份有限公司,1995-10-31
600877,电科芯片,中电科芯片技术股份有限公司,1995-10-13
600879,航天电子,航天时代电子技术股份有限公司,1995-11-15
600880,博瑞传播,成都博瑞传播股份有限公司,1995-11-15
600881,亚泰集团,吉林亚泰(集团)股份有限公司,1995-11-15
600882,妙可蓝多,上海妙可蓝多食品科技股份有限公司,1995-12-06
600883,博闻科技,云南博闻科技实业股份有限公司,1995-12-08
600884,杉杉股份,宁波杉杉股份有限公司,1996-01-30
600885,宏发股份,宏发科技股份有限公司,1996-02-05
600886,国投电力,国投电力控股股份有限公司,1996-01-18
600887,伊利股份,内蒙古伊利实业集团股份有限公司,1996-03-12
600888,新疆众和,新疆众和股份有限公司,1996-02-15
600889,南京化纤,南京化纤股份有限公司,1996-03-08
600892,大晟文化,大晟时代文化投资股份有限公司,1996-03-15
600893,航发动力,中国航发动力股份有限公司,1996-04-08
600894,广日股份,广州广日股份有限公司,1996-03-28
600895,张江高科,上海张江高科技园区开发股份有限公司,1996-04-22
600897,厦门空港,元翔(厦门)国际航空港股份有限公司,1996-05-31
600898,ST美讯,国美通讯设备股份有限公司,1996-04-18
600900,长江电力,中国长江电力股份有限公司,2003-11-18
600901,江苏金租,江苏金融租赁股份有限公司,2018-03-01
600903,贵州燃气,贵州燃气集团股份有限公司,2017-11-07
600905,三峡能源,中国三峡新能源(集团)股份有限公司,2021-06-10
600906,财达证券,财达证券股份有限公司,2021-05-07
600908,无锡银行,无锡农村商业银行股份有限公司,2016-09-23
600909,华安证券,华安证券股份有限公司,2016-12-06
600916,中国黄金,中国黄金集团黄金珠宝股份有限公司,2021-02-05
600917,重庆燃气,重庆燃气集团股份有限公司,2014-09-30
600918,中泰证券,中泰证券股份有限公司,2020-06-03
600919,江苏银行,江苏银行股份有限公司,2016-08-02
600925,苏能股份,江苏徐矿能源股份有限公司,2023-03-29
600926,杭州银行,杭州银行股份有限公司,2016-10-27
600927,永安期货,永安期货股份有限公司,2021-12-23
600928,西安银行,西安银行股份有限公司,2019-03-01
600929,雪天盐业,雪天盐业集团股份有限公司,2018-03-26
600933,爱柯迪,爱柯迪股份有限公司,2017-11-17
600935,华塑股份,安徽华塑股份有限公司,2021-11-26
600936,广西广电,广西广播电视信息网络股份有限公司,2016-08-15
600938,中国海油,中国海洋石油有限公司,2022-04-21
600939,重庆建工,重庆建工集团股份有限公司,2017-02-21
600941,中国移动,中国移动有限公司,2022-01-05
600955,维远股份,利华益维远化学股份有限公司,2021-09-15
600956,新天绿能,新天绿色能源股份有限公司,2020-06-29
600958,东方证券,东方证券股份有限公司,2015-03-23
600959,江苏有线,江苏省广电有线信息网络股份有限公司,2015-04-28
600960,渤海汽车,渤海汽车系统股份有限公司,2004-04-07
600961,株冶集团,株洲冶炼集团股份有限公司,2004-08-30
600962,国投中鲁,国投中鲁果汁股份有限公司,2004-06-22
600963,岳阳林纸,岳阳林纸股份有限公司,2004-05-25
600965,福成股份,河北福成五丰食品股份有限公司,2004-07-13
600966,博汇纸业,山东博汇纸业股份有限公司,2004-06-08
600967,内蒙一机,内蒙古第一机械集团股份有限公司,2004-05-18
600968,海油发展,中海油能源发展股份有限公司,2019-06-26
600969,郴电国际,湖南郴电国际发展股份有限公司,2004-04-08
600970,中材国际,中国中材国际工程股份有限公司,2005-04-12
600971,恒源煤电,安徽恒源煤电股份有限公司,2004-08-17
600973,宝胜股份,宝胜科技创新股份有限公司,2004-08-02
600975,新五丰,湖南新五丰股份有限公司,2004-06-09
600976,健民集团,健民药业集团股份有限公司,2004-04-19
600977,中国电影,中国电影股份有限公司,2016-08-09
600979,广安爱众,四川广安爱众股份有限公司,2004-09-06
600980,北矿科技,北矿科技股份有限公司,2004-05-12
600981,汇鸿集团,江苏汇鸿国际集团股份有限公司,2004-06-30
600982,宁波能源,宁波能源集团股份有限公司,2004-07-06
600983,惠而浦,惠而浦(中国)股份有限公司,2004-07-27
600984,建设机械,陕西建设机械股份有限公司,2004-07-07
600985,淮北矿业,淮北矿业控股股份有限公司,2004-04-28
600986,浙文互联,浙文互联集团股份有限公司,2004-04-26
600987,航民股份,浙江航民股份有限公司,2004-08-09
600988,赤峰黄金,赤峰吉隆黄金矿业股份有限公司,2004-04-14
600989,宝丰能源,宁夏宝丰能源集团股份有限公司,2019-05-16
600990,四创电子,四创电子股份有限公司,2004-05-10
600992,贵绳股份,贵州钢绳股份有限公司,2004-05-14
600993,马应龙,马应龙药业集团股份有限公司,2004-05-17
600995,南网储能,南方电网储能股份有限公司,2004-06-15
600996,贵广网络,贵州省广播电视信息网络股份有限公司,2016-12-26
600997,开滦股份,开滦能源化工股份有限公司,2004-06-02
600998,九州通,九州通医药集团股份有限公司,2010-11-02
600999,招商证券,招商证券股份有限公司,2009-11-17
601000,唐山港,唐山港集团股份有限公司,2010-07-05
601001,晋控煤业,晋能控股山西煤业股份有限公司,2006-06-23
601002,晋亿实业,晋亿实业股份有限公司,2007-01-26
601003,柳钢股份,柳州钢铁股份有限公司,2007-02-27
601005,重庆钢铁,重庆钢铁股份有限公司,2007-02-28
601006,大秦铁路,大秦铁路股份有限公司,2006-08-01
601007,金陵饭店,金陵饭店股份有限公司,2007-04-06
601008,连云港,江苏连云港港口股份有限公司,2007-04-26
601009,南京银行,南京银行股份有限公司,2007-07-19
601010,文峰股份,文峰大世界连锁发展股份有限公司,2011-06-03
601011,宝泰隆,宝泰隆新材料股份有限公司,2011-03-09
601012,隆基绿能,隆基绿能科技股份有限公司,2012-04-11
601015,陕西黑猫,陕西黑猫焦化股份有限公司,2014-11-05
601016,节能风电,中节能风力发电股份有限公司,2014-09-29
601018,宁波港,宁波舟山港股份有限公司,2010-09-28
601019,山东出版,山东出版传媒股份有限公司,2017-11-22
601020,华钰矿业,西藏华钰矿业股份有限公司,2016-03-16
601021,春秋航空,春秋航空股份有限公司,2015-01-21
601022,宁波远洋,宁波远洋运输股份有限公司,2022-12-08
601028,玉龙股份,山东玉龙黄金股份有限公司,2011-11-07
601038,一拖股份,第一拖拉机股份有限公司,2012-08-08
601058,赛轮轮胎,赛轮集团股份有限公司,2011-06-30
601059,信达证券,信达证券股份有限公司,2023-02-01
601061,中信金属,中信金属股份有限公司,2023-04-10
601065,江盐集团,江西省盐业集团股份有限公司,2023-04-10
601066,中信建投,中信建投证券股份有限公司,2018-06-20
601068,中铝国际,中铝国际工程股份有限公司,2018-08-31
601069,西部黄金,西部黄金股份有限公司,2015-01-22
601077,渝农商行,重庆农村商业银行股份有限公司,2019-10-29
601086,国芳集团,甘肃国芳工贸(集团)股份有限公司,2017-09-29
601088,中国神华,中国神华能源股份有限公司,2007-10-09
601089,福元医药,北京福元医药股份有限公司,2022-06-30
601098,中南传媒,中南出版传媒集团股份有限公司,2010-10-28
601099,太平洋,太平洋证券股份有限公司,2007-12-28
601100,恒立液压,江苏恒立液压股份有限公司,2011-10-28
601101,昊华能源,北京昊华能源股份有限公司,2010-03-31
601106,中国一重,中国第一重型机械股份公司,2010-02-09
601107,四川成渝,四川成渝高速公路股份有限公司,2009-07-27
601108,财通证券,财通证券股份有限公司,2017-10-24
601111,中国国航,中国国际航空股份有限公司,2006-08-18
601113,华鼎股份,义乌华鼎锦纶股份有限公司,2011-05-09
601116,三江购物,三江购物俱乐部股份有限公司,2011-03-02
601117,中国化学,中国化学工程股份有限公司,2010-01-07
601118,海南橡胶,海南天然橡胶产业集团股份有限公司,2011-01-07
601121,宝地矿业,新疆宝地矿业股份有限公司,2023-03-10
601126,四方股份,北京四方继保自动化股份有限公司,2010-12-31
601127,赛力斯,赛力斯集团股份有限公司,2016-06-15
601128,常熟银行,江苏常熟农村商业银行股份有限公司,2016-09-30
601133,柏诚股份,柏诚系统科技股份有限公司,2023-04-10
601136,首创证券,首创证券股份有限公司,2022-12-22
601137,博威合金,宁波博威合金材料股份有限公司,2011-01-27
601138,工业富联,富士康工业互联网股份有限公司,2018-06-08
601139,深圳燃气,深圳市燃气集团股份有限公司,2009-12-25
601155,新城控股,新城控股集团股份有限公司,2015-12-04
601156,东航物流,东方航空物流股份有限公司,2021-06-09
601158,重庆水务,重庆水务集团股份有限公司,2010-03-29
601162,天风证券,天风证券股份有限公司,2018-10-19
601163,三角轮胎,三角轮胎股份有限公司,2016-09-09
601166,兴业银行,兴业银行股份有限公司,2007-02-05
601168,西部矿业,西部矿业股份有限公司,2007-07-12
601169,北京银行,北京银行股份有限公司,2007-09-19
601177,杭齿前进,杭州前进齿轮箱集团股份有限公司,2010-10-11
601179,中国西电,中国西电电气股份有限公司,2010-01-28
601186,中国铁建,中国铁建股份有限公司,2008-03-10
601187,厦门银行,厦门银行股份有限公司,2020-10-27
601188,龙江交通,黑龙江交通发展股份有限公司,2010-03-19
601198,东兴证券,东兴证券股份有限公司,2015-02-26
601199,江南水务,江苏江南水务股份有限公司,2011-03-17
601200,上海环境,上海环境集团股份有限公司,2017-03-31
601208,东材科技,四川东材科技集团股份有限公司,2011-05-20
601211,国泰君安,国泰君安证券股份有限公司,2015-06-26
601212,白银有色,白银有色集团股份有限公司,2017-02-15
601216,君正集团,内蒙古君正能源化工集团股份有限公司,2011-02-22
601218,吉鑫科技,江苏吉鑫风能科技股份有限公司,2011-05-06
601222,林洋能源,江苏林洋能源股份有限公司,2011-08-08
601225,陕西煤业,陕西煤业股份有限公司,2014-01-28
601226,华电重工,华电重工股份有限公司,2014-12-11
601228,广州港,广州港股份有限公司,2017-03-29
601229,上海银行,上海银行股份有限公司,2016-11-16
601231,环旭电子,环旭电子股份有限公司,2012-02-20
601233,桐昆股份,桐昆集团股份有限公司,2011-05-18
601236,红塔证券,红塔证券股份有限公司,2019-07-05
601238,广汽集团,广州汽车集团股份有限公司,2012-03-29
601258,*ST庞大,庞大汽贸集团股份有限公司,2011-04-28
601279,英利汽车,长春英利汽车工业股份有限公司,2021-04-15
601288,农业银行,中国农业银行股份有限公司,2010-07-15
601298,青岛港,青岛港国际股份有限公司,2019-01-21
601311,骆驼股份,骆驼集团股份有限公司,2011-06-02
601318,中国平安,中国平安保险(集团)股份有限公司,2007-03-01
601319,中国人保,中国人民保险集团股份有限公司,2018-11-16
601326,秦港股份,秦皇岛港股份有限公司,2017-08-16
601328,交通银行,交通银行股份有限公司,2007-05-15
601330,绿色动力,绿色动力环保集团股份有限公司,2018-06-11
601333,广深铁路,广深铁路股份有限公司,2006-12-22
601336,新华保险,新华人寿保险股份有限公司,2011-12-16
601339,百隆东方,百隆东方股份有限公司,2012-06-12
601360,三六零,三六零安全科技股份有限公司,2012-01-16
601366,利群股份,利群商业集团股份有限公司,2017-04-12
601368,绿城水务,广西绿城水务股份有限公司,2015-06-12
601369,陕鼓动力,西安陕鼓动力股份有限公司,2010-04-28
601375,中原证券,中原证券股份有限公司,2017-01-03
601377,兴业证券,兴业证券股份有限公司,2010-10-13
601388,怡球资源,怡球金属资源再生(中国)股份有限公司,2012-04-23
601390,中国中铁,中国中铁股份有限公司,2007-12-03
601398,工商银行,中国工商银行股份有限公司,2006-10-27
601399,国机重装,国机重型装备集团股份有限公司,2020-06-08
601456,国联证券,国联证券股份有限公司,2020-07-31
601500,通用股份,江苏通用科技股份有限公司,2016-09-19
601512,中新集团,中新苏州工业园区开发集团股份有限公司,2019-12-20
601515,东风股份,汕头东风印刷股份有限公司,2012-02-16
601518,吉林高速,吉林高速公路股份有限公司,2010-03-19
601519,大智慧,上海大智慧股份有限公司,2011-01-28
601528,瑞丰银行,浙江绍兴瑞丰农村商业银行股份有限公司,2021-06-25
601555,东吴证券,东吴证券股份有限公司,2011-12-12
601566,九牧王,九牧王股份有限公司,2011-05-30
601567,三星医疗,宁波三星医疗电气股份有限公司,2011-06-15
601568,XD北元集,陕西北元化工集团股份有限公司,2020-10-20
601577,长沙银行,长沙银行股份有限公司,2018-09-26
601579,会稽山,会稽山绍兴酒股份有限公司,2014-08-25
601588,北辰实业,北京北辰实业股份有限公司,2006-10-16
601595,上海电影,上海电影股份有限公司,2016-08-17
601598,中国外运,中国外运股份有限公司,2019-01-18
601599,浙文影业,浙文影业集团股份有限公司,2011-05-27
601600,中国铝业,中国铝业股份有限公司,2007-04-30
601601,中国太保,中国太平洋保险(集团)股份有限公司,2007-12-25
601606,长城军工,安徽长城军工股份有限公司,2018-08-06
601607,上海医药,上海医药集团股份有限公司,1994-03-24
601608,中信重工,中信重工机械股份有限公司,2012-07-06
601609,金田股份,宁波金田铜业(集团)股份有限公司,2020-04-22
601611,中国核建,中国核工业建设股份有限公司,2016-06-06
601615,明阳智能,明阳智慧能源集团股份公司,2019-01-23
601616,广电电气,上海广电电气(集团)股份有限公司,2011-02-01
601618,中国中冶,中国冶金科工股份有限公司,2009-09-21
601619,嘉泽新能,宁夏嘉泽新能源股份有限公司,2017-07-20
601628,中国人寿,中国人寿保险股份有限公司,2007-01-09
601633,长城汽车,长城汽车股份有限公司,2011-09-28
601636,旗滨集团,株洲旗滨集团股份有限公司,2011-08-12
601658,邮储银行,中国邮政储蓄银行股份有限公司,2019-12-10
601665,齐鲁银行,齐鲁银行股份有限公司,2021-06-18
601666,平煤股份,平顶山天安煤业股份有限公司,2006-11-23
601668,中国建筑,中国建筑股份有限公司,2009-07-29
601669,中国电建,中国电力建设股份有限公司,2011-10-18
601677,明泰铝业,河南明泰铝业股份有限公司,2011-09-19
601678,滨化股份,滨化集团股份有限公司,2010-02-23
601686,友发集团,天津友发钢管集团股份有限公司,2020-12-04
601688,华泰证券,华泰证券股份有限公司,2010-02-26
601689,拓普集团,宁波拓普集团股份有限公司,2015-03-19
601696,中银证券,中银国际证券股份有限公司,2020-02-26
601698,中国卫通,中国卫通集团股份有限公司,2019-06-28
601699,潞安环能,山西潞安环保能源开发股份有限公司,2006-09-22
601700,风范股份,常熟风范电力设备股份有限公司,2011-01-18
601702,华峰铝业,上海华峰铝业股份有限公司,2020-09-07
601717,郑煤机,郑州煤矿机械集团股份有限公司,2010-08-03
601718,际华集团,际华集团股份有限公司,2010-08-16
601727,上海电气,上海电气集团股份有限公司,2008-12-05
601728,中国电信,中国电信股份有限公司,2021-08-20
601766,中国中车,中国中车股份有限公司,2008-08-18
601777,力帆科技,力帆科技(集团)股份有限公司,2010-11-25
601778,晶科科技,晶科电力科技股份有限公司,2020-05-19
601788,光大证券,光大证券股份有限公司,2009-08-18
601789,宁波建工,宁波建工股份有限公司,2011-08-16
601798,蓝科高新,甘肃蓝科石化高新装备股份有限公司,2011-06-22
601799,星宇股份,常州星宇车灯股份有限公司,2011-02-01
601800,中国交建,中国交通建设股份有限公司,2012-03-09
601801,皖新传媒,安徽新华传媒股份有限公司,2010-01-18
601808,中海油服,中海油田服务股份有限公司,2007-09-28
601811,新华文轩,新华文轩出版传媒股份有限公司,2016-08-08
601816,京沪高铁,京沪高速铁路股份有限公司,2020-01-16
601818,光大银行,中国光大银行股份有限公司,2010-08-18
601825,沪农商行,上海农村商业银行股份有限公司,2021-08-19
601827,三峰环境,重庆三峰环境集团股份有限公司,2020-06-05
601828,美凯龙,红星美凯龙家居集团股份有限公司,2018-01-17
601838,成都银行,成都银行股份有限公司,2018-01-31
601857,中国石油,中国石油天然气股份有限公司,2007-11-05
601858,中国科传,中国科技出版传媒股份有限公司,2017-01-18
601860,紫金银行,江苏紫金农村商业银行股份有限公司,2019-01-03
601865,福莱特,福莱特玻璃集团股份有限公司,2019-02-15
601866,中远海发,中远海运发展股份有限公司,2007-12-12
601868,中国能建,中国能源建设股份有限公司,2021-09-28
601869,长飞光纤,长飞光纤光缆股份有限公司,2018-07-20
601872,招商轮船,招商局能源运输股份有限公司,2006-12-01
601877,正泰电器,浙江正泰电器股份有限公司,2010-01-21
601878,浙商证券,浙商证券股份有限公司,2017-06-26
601880,辽港股份,辽宁港口股份有限公司,2010-12-06
601881,中国银河,中国银河证券股份有限公司,2017-01-23
601882,海天精工,宁波海天精工股份有限公司,2016-11-07
601886,江河集团,江河创建集团股份有限公司,2011-08-18
601888,中国中免,中国旅游集团中免股份有限公司,2009-10-15
601890,亚星锚链,江苏亚星锚链股份有限公司,2010-12-28
601898,中煤能源,中国中煤能源股份有限公司,2008-02-01
601899,紫金矿业,紫金矿业集团股份有限公司,2008-04-25
601900,南方传媒,南方出版传媒股份有限公司,2016-02-15
601901,方正证券,方正证券股份有限公司,2011-08-10
601908,京运通,北京京运通科技股份有限公司,2011-09-08
601916,浙商银行,浙商银行股份有限公司,2019-11-26
601918,新集能源,中煤新集能源股份有限公司,2007-12-19
601919,中远海控,中远海运控股股份有限公司,2007-06-26
601921,浙版传媒,浙江出版传媒股份有限公司,2021-07-23
601928,凤凰传媒,江苏凤凰出版传媒股份有限公司,2011-11-30
601929,吉视传媒,吉视传媒股份有限公司,2012-02-23
601933,永辉超市,永辉超市股份有限公司,2010-12-15
601939,建设银行,中国建设银行股份有限公司,2007-09-25
601949,中国出版,中国出版传媒股份有限公司,2017-08-21
601952,苏垦农发,江苏省农垦农业发展股份有限公司,2017-05-15
601956,东贝集团,湖北东贝机电集团股份有限公司,2020-12-25
601958,金钼股份,金堆城钼业股份有限公司,2008-04-17
601963,重庆银行,重庆银行股份有限公司,2021-02-05
601965,中国汽研,中国汽车工程研究院股份有限公司,2012-06-11
601966,玲珑轮胎,山东玲珑轮胎股份有限公司,2016-07-06
601968,宝钢包装,上海宝钢包装股份有限公司,2015-06-11
601969,海南矿业,海南矿业股份有限公司,2014-12-09
601975,招商南油,招商局南京油运股份有限公司,2019-01-08
601985,中国核电,中国核能电力股份有限公司,2015-06-10
601988,中国银行,中国银行股份有限公司,2006-07-05
601989,中国重工,中国船舶重工股份有限公司,2009-12-16
601990,南京证券,南京证券股份有限公司,2018-06-13
601991,大唐发电,大唐国际发电股份有限公司,2006-12-20
601992,金隅集团,北京金隅集团股份有限公司,2011-03-01
601995,中金公司,中国国际金融股份有限公司,2020-11-02
601996,丰林集团,广西丰林木业集团股份有限公司,2011-09-29
601997,贵阳银行,贵阳银行股份有限公司,2016-08-16
601998,中信银行,中信银行股份有限公司,2007-04-27
601999,出版传媒,北方联合出版传媒(集团)股份有限公司,2007-12-21
603000,人民网,人民网股份有限公司,2012-04-27
603001,ST奥康,浙江奥康鞋业股份有限公司,2012-04-26
603002,宏昌电子,宏昌电子材料股份有限公司,2012-05-18
603003,龙宇股份,上海龙宇数据股份有限公司,2012-08-17
603005,晶方科技,苏州晶方半导体科技股份有限公司,2014-02-10
603006,联明股份,上海联明机械股份有限公司,2014-06-30
603007,ST花王,花王生态工程股份有限公司,2016-08-26
603008,喜临门,喜临门家具股份有限公司,2012-07-17
603009,北特科技,上海北特科技股份有限公司,2014-07-18
603010,万盛股份,浙江万盛股份有限公司,2014-10-10
603011,合锻智能,合肥合锻智能制造股份有限公司,2014-11-07
603012,创力集团,上海创力集团股份有限公司,2015-03-20
603013,亚普股份,亚普汽车部件股份有限公司,2018-05-09
603015,弘讯科技,宁波弘讯科技股份有限公司,2015-03-03
603016,新宏泰,无锡新宏泰电器科技股份有限公司,2016-07-01
603017,中衡设计,中衡设计集团股份有限公司,2014-12-31
603018,华设集团,华设设计集团股份有限公司,2014-10-13
603019,中科曙光,曙光信息产业股份有限公司,2014-11-06
603020,爱普股份,爱普香料集团股份有限公司,2015-03-25
603021,山东华鹏,山东华鹏玻璃股份有限公司,2015-04-23
603022,新通联,上海新通联包装股份有限公司,2015-05-18
603023,威帝股份,哈尔滨威帝电子股份有限公司,2015-05-27
603025,大豪科技,北京大豪科技股份有限公司,2015-04-22
603026,胜华新材,胜华新材料集团股份有限公司,2015-05-29
603027,千禾味业,千禾味业食品股份有限公司,2016-03-07
603028,赛福天,江苏赛福天钢索股份有限公司,2016-03-31
603029,天鹅股份,山东天鹅棉业机械股份有限公司,2016-04-27
603030,*ST全筑,上海全筑控股集团股份有限公司,2015-03-20
603031,安孚科技,安徽安孚电池科技股份有限公司,2016-08-22
603032,德新科技,德力西新能源科技股份有限公司,2017-01-05
603033,三维股份,三维控股集团股份有限公司,2016-12-07
603035,常熟汽饰,江苏常熟汽饰集团股份有限公司,2017-01-05
603036,如通股份,江苏如通石油机械股份有限公司,2016-12-09
603037,凯众股份,上海凯众材料科技股份有限公司,2017-01-20
603038,华立股份,东莞市华立实业股份有限公司,2017-01-16
603039,泛微网络,上海泛微网络科技股份有限公司,2017-01-13
603040,新坐标,杭州新坐标科技股份有限公司,2017-02-09
603041,美思德,江苏美思德化学股份有限公司,2017-03-30
603042,华脉科技,南京华脉科技股份有限公司,2017-06-02
603043,广州酒家,广州酒家集团股份有限公司,2017-06-27
603045,福达合金,福达合金材料股份有限公司,2018-05-17
603048,浙江黎明,浙江黎明智造股份有限公司,2021-11-16
603050,科林电气,石家庄科林电气股份有限公司,2017-04-14
603051,鹿山新材,广州鹿山新材料股份有限公司,2022-03-25
603052,可川科技,苏州可川电子科技股份有限公司,2022-10-11
603053,成都燃气,成都燃气集团股份有限公司,2019-12-17
603055,台华新材,浙江台华新材料股份有限公司,2017-09-21
603056,德邦股份,德邦物流股份有限公司,2018-01-16
603057,紫燕食品,上海紫燕食品股份有限公司,2022-09-26
603058,永吉股份,贵州永吉印务股份有限公司,2016-12-23
603059,倍加洁,倍加洁集团股份有限公司,2018-03-02
603060,国检集团,中国国检测试控股集团股份有限公司,2016-11-09
603061,金海通,天津金海通半导体设备股份有限公司,2023-03-03
603063,禾望电气,深圳市禾望电气股份有限公司,2017-07-28
603065,宿迁联盛,宿迁联盛科技股份有限公司,2023-03-21
603066,音飞储存,南京音飞储存设备(集团)股份有限公司,2015-06-11
603067,振华股份,湖北振华化学股份有限公司,2016-09-13
603068,博通集成,博通集成电路(上海)股份有限公司,2019-04-15
603069,海汽集团,海南海汽运输集团股份有限公司,2016-07-12
603070,万控智造,万控智造股份有限公司,2022-03-10
603071,物产环能,浙江物产环保能源股份有限公司,2021-12-16
603073,彩蝶实业,浙江彩蝶实业股份有限公司,2023-03-16
603076,乐惠国际,宁波乐惠国际工程装备股份有限公司,2017-11-13
603077,和邦生物,四川和邦生物科技股份有限公司,2012-07-31
603078,江化微,江阴江化微电子材料股份有限公司,2017-04-10
603079,圣达生物,浙江圣达生物药业股份有限公司,2017-08-23
603080,新疆火炬,新疆火炬燃气股份有限公司,2018-01-03
603081,大丰实业,浙江大丰实业股份有限公司,2017-04-20
603083,剑桥科技,上海剑桥科技股份有限公司,2017-11-10
603085,天成自控,浙江天成自控股份有限公司,2015-06-30
603086,先达股份,山东先达农化股份有限公司,2017-05-11
603087,甘李药业,甘李药业股份有限公司,2020-06-29
603088,宁波精达,宁波精达成形装备股份有限公司,2014-11-11
603089,正裕工业,浙江正裕工业股份有限公司,2017-01-26
603090,宏盛股份,无锡宏盛换热器制造股份有限公司,2016-08-31
603093,南华期货,南华期货股份有限公司,2019-08-30
603095,越剑智能,浙江越剑智能装备股份有限公司,2020-04-15
603096,新经典,新经典文化股份有限公司,2017-04-25
603097,江苏华辰,江苏华辰变压器股份有限公司,2022-05-12
603098,森特股份,森特士兴集团股份有限公司,2016-12-16
603099,长白山,长白山旅游股份有限公司,2014-08-22
603100,川仪股份,重庆川仪自动化股份有限公司,2014-08-05
603101,汇嘉时代,新疆汇嘉时代百货股份有限公司,2016-05-06
603102,百合股份,威海百合生物技术股份有限公司,2022-01-25
603103,横店影视,横店影视股份有限公司,2017-10-12
603105,芯能科技,浙江芯能光伏科技股份有限公司,2018-07-09
603106,恒银科技,恒银金融科技股份有限公司,2017-09-20
603108,润达医疗,上海润达医疗科技股份有限公司,2015-05-27
603109,神驰机电,神驰机电股份有限公司,2019-12-31
603110,东方材料,新东方新材料股份有限公司,2017-10-13
603111,康尼机电,南京康尼机电股份有限公司,2014-08-01
603112,华翔股份,山西华翔集团股份有限公司,2020-09-17
603113,金能科技,金能科技股份有限公司,2017-05-11
603115,海星股份,南通海星电子股份有限公司,2019-08-09
603116,红蜻蜓,浙江红蜻蜓鞋业股份有限公司,2015-06-29
603117,ST万林,江苏万林现代物流股份有限公司,2015-06-29
603118,共进股份,深圳市共进电子股份有限公司,2015-02-25
603121,华培动力,上海华培动力科技(集团)股份有限公司,2019-01-11
603122,合富中国,合富(中国)医疗科技股份有限公司,2022-02-16
603123,翠微股份,北京翠微大厦股份有限公司,2012-05-03
603125,常青科技,江苏常青树新材料科技股份有限公司,2023-04-10
603126,中材节能,中材节能股份有限公司,2014-07-31
603127,昭衍新药,北京昭衍新药研究中心股份有限公司,2017-08-25
603128,华贸物流,港中旅华贸国际物流股份有限公司,2012-05-29
603129,春风动力,浙江春风动力股份有限公司,2017-08-18
603130,云中马,浙江云中马股份有限公司,2022-11-18
603131,上海沪工,上海沪工焊接集团股份有限公司,2016-06-07
603132,金徽股份,金徽矿业股份有限公司,2022-02-22
603133,*ST碳元,碳元科技股份有限公司,2017-03-20
603135,中重科技,中重科技(天津)股份有限公司,2023-04-10
603136,天目湖,江苏天目湖旅游股份有限公司,2017-09-27
603137,恒尚节能,江苏恒尚节能科技股份有限公司,2023-04-19
603138,海量数据,北京海量数据技术股份有限公司,2017-03-06
603139,康惠制药,陕西康惠制药股份有限公司,2017-04-21
603150,万朗磁塑,安徽万朗磁塑股份有限公司,2022-01-24
603151,邦基科技,山东邦基科技股份有限公司,2022-10-19
603153,上海建科,上海建科集团股份有限公司,2023-03-13
603155,新亚强,新亚强硅化学股份有限公司,2020-09-01
603156,养元饮品,河北养元智汇饮品股份有限公司,2018-02-12
603158,腾龙股份,常州腾龙汽车零部件股份有限公司,2015-03-20
603159,上海亚虹,上海亚虹模具股份有限公司,2016-08-12
603160,汇顶科技,深圳市汇顶科技股份有限公司,2016-10-17
603161,科华控股,科华控股股份有限公司,2018-01-05
603162,海通发展,福建海通发展股份有限公司,2023-03-29
603163,圣晖集成,圣晖系统集成集团股份有限公司,2022-10-13
603165,荣晟环保,浙江荣晟环保纸业股份有限公司,2017-01-17
603166,福达股份,桂林福达股份有限公司,2014-11-27
603167,渤海轮渡,渤海轮渡集团股份有限公司,2012-09-06
603168,莎普爱思,浙江莎普爱思药业股份有限公司,2014-07-02
603169,兰石重装,兰州兰石重型装备股份有限公司,2014-10-09
603170,宝立食品,上海宝立食品科技股份有限公司,2022-07-15
603171,税友股份,税友软件集团股份有限公司,2021-06-30
603172,万丰股份,浙江万丰化工股份有限公司,2023-05-10
603173,福斯达,杭州福斯达深冷装备股份有限公司,2023-01-30
603176,汇通集团,汇通建设集团股份有限公司,2021-12-31
603177,德创环保,浙江德创环保科技股份有限公司,2017-02-07
603178,圣龙股份,宁波圣龙汽车动力系统股份有限公司,2017-03-28
603179,新泉股份,江苏新泉汽车饰件股份有限公司,2017-03-17
603180,金牌厨柜,金牌厨柜家居科技股份有限公司,2017-05-12
603181,皇马科技,浙江皇马科技股份有限公司,2017-08-24
603182,嘉华股份,山东嘉华生物科技股份有限公司,2022-09-09
603183,建研院,苏州市建筑科学研究院集团股份有限公司,2017-09-05
603185,弘元绿能,弘元绿色能源股份有限公司,2018-12-28
603186,华正新材,浙江华正新材料股份有限公司,2017-01-03
603187,海容冷链,青岛海容商用冷链股份有限公司,2018-11-29
603188,亚邦股份,江苏亚邦染料股份有限公司,2014-09-09
603189,网达软件,上海网达软件股份有限公司,2016-09-14
603190,亚通精工,烟台亚通精工机械股份有限公司,2023-02-17
603191,望变电气,重庆望变电气(集团)股份有限公司,2022-04-28
603192,汇得科技,上海汇得科技股份有限公司,2018-08-28
603195,公牛集团,公牛集团股份有限公司,2020-02-06
603196,日播时尚,日播时尚集团股份有限公司,2017-05-31
603197,保隆科技,上海保隆汽车科技股份有限公司,2017-05-19
603198,迎驾贡酒,安徽迎驾贡酒股份有限公司,2015-05-28
603199,九华旅游,安徽九华山旅游发展股份有限公司,2015-03-26
603200,上海洗霸,上海洗霸科技股份有限公司,2017-06-01
603201,常润股份,常熟通润汽车零部件股份有限公司,2022-07-29
603203,快克智能,快克智能装备股份有限公司,2016-11-08
603206,嘉环科技,嘉环科技股份有限公司,2022-05-06
603208,江山欧派,江山欧派门业股份有限公司,2017-02-10
603209,兴通股份,兴通海运股份有限公司,2022-03-24
603211,晋拓股份,晋拓科技股份有限公司,2022-07-25
603212,赛伍技术,苏州赛伍应用技术股份有限公司,2020-04-30
603213,镇洋发展,浙江镇洋发展股份有限公司,2021-11-11
603214,爱婴室,上海爱婴室商务服务股份有限公司,2018-03-30
603215,比依股份,浙江比依电器股份有限公司,2022-02-18
603216,梦天家居,梦天家居集团股份有限公司,2021-12-15
603217,元利科技,元利化学集团股份有限公司,2019-06-20
603218,日月股份,日月重工股份有限公司,2016-12-28
603219,富佳股份,宁波富佳实业股份有限公司,2021-11-22
603220,中贝通信,中贝通信集团股份有限公司,2018-11-15
603221,爱丽家居,爱丽家居科技股份有限公司,2020-03-23
603222,济民医疗,济民健康管理股份有限公司,2015-02-17
603223,恒通股份,恒通物流股份有限公司,2015-06-30
603225,新凤鸣,新凤鸣集团股份有限公司,2017-04-18
603226,菲林格尔,菲林格尔家居科技股份有限公司,2017-06-15
603227,雪峰科技,新疆雪峰科技(集团)股份有限公司,2015-05-15
603228,景旺电子,深圳市景旺电子股份有限公司,2017-01-06
603229,奥翔药业,浙江奥翔药业股份有限公司,2017-05-09
603230,内蒙新华,内蒙古新华发行集团股份有限公司,2021-12-24
603232,格尔软件,格尔软件股份有限公司,2017-04-21
603233,大参林,大参林医药集团股份有限公司,2017-07-31
603235,天新药业,江西天新药业股份有限公司,2022-07-12
603236,移远通信,上海移远通信技术股份有限公司,2019-07-16
603237,五芳斋,浙江五芳斋实业股份有限公司,2022-08-31
603238,诺邦股份,杭州诺邦无纺股份有限公司,2017-02-22
603239,浙江仙通,浙江仙通橡塑股份有限公司,2016-12-30
603255,鼎际得,辽宁鼎际得石化股份有限公司,2022-08-18
603256,宏和科技,宏和电子材料科技股份有限公司,2019-07-19
603258,电魂网络,杭州电魂网络科技股份有限公司,2016-10-26
603259,药明康德,无锡药明康德新药开发股份有限公司,2018-05-08
603260,合盛硅业,合盛硅业股份有限公司,2017-10-30
603261,立航科技,成都立航科技股份有限公司,2022-03-15
603266,XD天龙股,宁波天龙电子股份有限公司,2017-01-10
603267,鸿远电子,北京元六鸿远电子科技股份有限公司,2019-05-15
603268,松发股份,广东松发陶瓷股份有限公司,2015-03-19
603269,海鸥股份,江苏海鸥冷却塔股份有限公司,2017-05-17
603272,联翔股份,浙江联翔智能家居股份有限公司,2022-05-20
603277,银都股份,银都餐饮设备股份有限公司,2017-09-11
603278,大业股份,山东大业股份有限公司,2017-11-13
603279,景津装备,景津装备股份有限公司,2019-07-29
603280,南方路机,福建南方路面机械股份有限公司,2022-11-08
603281,江瀚新材,湖北江瀚新材料股份有限公司,2023-01-31
603282,亚光股份,浙江亚光科技股份有限公司,2023-03-15
603283,赛腾股份,苏州赛腾精密电子股份有限公司,2017-12-25
603286,日盈电子,江苏日盈电子股份有限公司,2017-06-27
603288,海天味业,佛山市海天调味食品股份有限公司,2014-02-11
603289,泰瑞机器,泰瑞机器股份有限公司,2017-10-31
603290,斯达半导,嘉兴斯达半导体股份有限公司,2020-02-04
603291,联合水务,江苏联合水务科技股份有限公司,2023-03-27
603297,永新光学,宁波永新光学股份有限公司,2018-09-10
603298,杭叉集团,杭叉集团股份有限公司,2016-12-27
603299,苏盐井神,江苏苏盐井神股份有限公司,2015-12-31
603300,华铁应急,浙江华铁应急设备科技股份有限公司,2015-05-29
603301,振德医疗,振德医疗用品股份有限公司,2018-04-12
603303,得邦照明,横店集团得邦照明股份有限公司,2017-03-30
603305,旭升集团,宁波旭升集团股份有限公司,2017-07-10
603306,华懋科技,华懋(厦门)新材料科技股份有限公司,2014-09-26
603307,扬州金泉,扬州金泉旅游用品股份有限公司,2023-02-16
603308,应流股份,安徽应流机电股份有限公司,2014-01-22
603309,维力医疗,广州维力医疗器械股份有限公司,2015-03-02
603311,金海高科,浙江金海高科股份有限公司,2015-05-18
603313,梦百合,梦百合家居科技股份有限公司,2016-10-13
603315,福鞍股份,辽宁福鞍重工股份有限公司,2015-04-24
603316,诚邦股份,诚邦生态环境股份有限公司,2017-06-19
603317,天味食品,四川天味食品集团股份有限公司,2019-04-16
603318,水发燃气,水发派思燃气股份有限公司,2015-04-24
603319,湘油泵,湖南机油泵股份有限公司,2016-11-30
603320,迪贝电气,浙江迪贝电气股份有限公司,2017-05-02
603321,梅轮电梯,浙江梅轮电梯股份有限公司,2017-09-15
603322,超讯通信,超讯通信股份有限公司,2016-07-28
603323,苏农银行,江苏苏州农村商业银行股份有限公司,2016-11-29
603324,盛剑环境,上海盛剑环境系统科技股份有限公司,2021-04-07
603326,我乐家居,南京我乐家居股份有限公司,2017-06-16
603327,福蓉科技,四川福蓉科技股份公司,2019-05-23
603328,依顿电子,广东依顿电子科技股份有限公司,2014-07-01
603329,上海雅仕,上海雅仕投资发展股份有限公司,2017-12-29
603330,天洋新材,天洋新材(上海)科技股份有限公司,2017-02-13
603331,百达精工,浙江百达精工股份有限公司,2017-07-05
603332,苏州龙杰,苏州龙杰特种纤维股份有限公司,2019-01-17
603333,尚纬股份,尚纬股份有限公司,2012-05-07
603335,迪生力,广东迪生力汽配股份有限公司,2017-06-20
603336,宏辉果蔬,宏辉果蔬股份有限公司,2016-11-24
603337,杰克股份,杰克科技股份有限公司,2017-01-19
603338,浙江鼎力,浙江鼎力机械股份有限公司,2015-03-25
603339,四方科技,四方科技集团股份有限公司,2016-05-19
603345,安井食品,安井食品集团股份有限公司,2017-02-22
603348,文灿股份,文灿集团股份有限公司,2018-04-26
603351,威尔药业,南京威尔药业集团股份有限公司,2019-01-30
603353,和顺石油,湖南和顺石油股份有限公司,2020-04-07
603355,莱克电气,莱克电气股份有限公司,2015-05-13
603356,华菱精工,宣城市华菱精工科技股份有限公司,2018-01-24
603357,设计总院,安徽省交通规划设计研究总院股份有限公司,2017-08-01
603358,华达科技,华达汽车科技股份有限公司,2017-01-25
603359,东珠生态,东珠生态环保股份有限公司,2017-09-01
603360,百傲化学,大连百傲化学股份有限公司,2017-02-06
603363,傲农生物,福建傲农生物科技集团股份有限公司,2017-09-26
603365,XD水星家,上海水星家用纺织品股份有限公司,2017-11-20
603366,日出东方,日出东方控股股份有限公司,2012-05-21
603367,辰欣药业,辰欣药业股份有限公司,2017-09-29
603368,柳药集团,广西柳药集团股份有限公司,2014-12-04
603369,今世缘,江苏今世缘酒业股份有限公司,2014-07-03
603377,东方时尚,东方时尚驾驶学校股份有限公司,2016-02-05
603378,亚士创能,亚士创能科技(上海)股份有限公司,2017-09-28
603379,三美股份,浙江三美化工股份有限公司,2019-04-02
603380,易德龙,苏州易德龙科技股份有限公司,2017-06-22
603383,顶点软件,福建顶点软件股份有限公司,2017-05-22
603385,惠达卫浴,惠达卫浴股份有限公司,2017-04-05
603386,骏亚科技,广东骏亚电子科技股份有限公司,2017-09-12
603387,基蛋生物,基蛋生物科技股份有限公司,2017-07-17
603388,元成股份,元成环境股份有限公司,2017-03-24
603389,亚振家居,亚振家居股份有限公司,2016-12-15
603390,通达电气,广州通达汽车电气股份有限公司,2019-11-25
603392,万泰生物,北京万泰生物药业股份有限公司,2020-04-29
603393,新天然气,新疆鑫泰天然气股份有限公司,2016-09-12
603396,金辰股份,营口金辰机械股份有限公司,2017-10-18
603398,沐邦高科,江西沐邦高科股份有限公司,2015-12-09
603399,吉翔股份,锦州永杉锂业股份有限公司,2012-08-24
603408,建霖家居,厦门建霖健康家居股份有限公司,2020-07-30
603416,信捷电气,无锡信捷电气股份有限公司,2016-12-21
603421,鼎信通讯,青岛鼎信通讯股份有限公司,2016-10-11
603429,集友股份,安徽集友新材料股份有限公司,2017-01-24
603439,贵州三力,贵州三力制药股份有限公司,2020-04-28
603444,吉比特,厦门吉比特网络技术股份有限公司,2017-01-04
603456,九洲药业,浙江九洲药业股份有限公司,2014-10-10
603458,勘设股份,贵州省交通规划勘察设计研究院股份有限公司,2017-08-09
603466,风语筑,上海风语筑文化科技股份有限公司,2017-10-20
603477,巨星农牧,乐山巨星农牧股份有限公司,2017-12-18
603486,科沃斯,科沃斯机器人股份有限公司,2018-05-28
603488,展鹏科技,展鹏科技股份有限公司,2017-05-16
603489,八方股份,八方电气(苏州)股份有限公司,2019-11-11
603496,恒为科技,恒为科技(上海)股份有限公司,2017-06-07
603499,翔港科技,上海翔港包装科技股份有限公司,2017-10-16
603500,祥和实业,浙江天台祥和实业股份有限公司,2017-09-04
603501,韦尔股份,上海韦尔半导体股份有限公司,2017-05-04
603505,金石资源,金石资源集团股份有限公司,2017-05-03
603506,南都物业,南都物业服务集团股份有限公司,2018-02-01
603507,振江股份,江苏振江新能源装备股份有限公司,2017-11-06
603508,思维列控,河南思维自动化设备股份有限公司,2015-12-24
603511,爱慕股份,爱慕股份有限公司,2021-05-31
603515,欧普照明,欧普照明股份有限公司,2016-08-19
603516,淳中科技,北京淳中科技股份有限公司,2018-02-02
603517,绝味食品,绝味食品股份有限公司,2017-03-17
603518,锦泓集团,锦泓时装集团股份有限公司,2014-12-03
603519,立霸股份,江苏立霸实业股份有限公司,2015-03-19
603520,司太立,浙江司太立制药股份有限公司,2016-03-09
603527,众源新材,安徽众源新材料股份有限公司,2017-09-07
603528,多伦科技,多伦科技股份有限公司,2016-05-03
603529,爱玛科技,爱玛科技集团股份有限公司,2021-06-15
603530,神马电力,江苏神马电力股份有限公司,2019-08-05
603533,掌阅科技,掌阅科技股份有限公司,2017-09-21
603535,嘉诚国际,广州市嘉诚国际物流股份有限公司,2017-08-08
603536,惠发食品,山东惠发食品股份有限公司,2017-06-13
603538,美诺华,宁波美诺华药业股份有限公司,2017-04-07
603551,奥普家居,奥普家居股份有限公司,2020-01-15
603555,ST贵人,贵人鸟股份有限公司,2014-01-24
603556,海兴电力,杭州海兴电力科技股份有限公司,2016-11-10
603557,ST起步,起步股份有限公司,2017-08-18
603558,健盛集团,浙江健盛集团股份有限公司,2015-01-27
603559,ST通脉,中通国脉通信股份有限公司,2016-12-02
603565,中谷物流,上海中谷物流股份有限公司,2020-09-25
603566,普莱柯,普莱柯生物工程股份有限公司,2015-05-18
603567,珍宝岛,黑龙江珍宝岛药业股份有限公司,2015-04-24
603568,伟明环保,浙江伟明环保股份有限公司,2015-05-28
603569,长久物流,北京长久物流股份有限公司,2016-08-10
603577,汇金通,青岛汇金通电力设备股份有限公司,2016-12-22
603578,三星新材,浙江三星新材股份有限公司,2017-03-06
603579,荣泰健康,上海荣泰健康科技股份有限公司,2017-01-11
603580,艾艾精工,艾艾精密工业输送系统(上海)股份有限公司,2017-05-25
603583,捷昌驱动,浙江捷昌线性驱动科技股份有限公司,2018-09-21
603585,苏利股份,江苏苏利精细化工股份有限公司,2016-12-14
603586,金麒麟,山东金麒麟股份有限公司,2017-04-06
603587,地素时尚,地素时尚股份有限公司,2018-06-22
603588,高能环境,北京高能时代环境技术股份有限公司,2014-12-29
603589,口子窖,安徽口子酒业股份有限公司,2015-06-29
603590,康辰药业,北京康辰药业股份有限公司,2018-08-27
603595,东尼电子,浙江东尼电子股份有限公司,2017-07-12
603596,伯特利,芜湖伯特利汽车安全系统股份有限公司,2018-04-27
603598,引力传媒,引力传媒股份有限公司,2015-05-27
603599,广信股份,安徽广信农化股份有限公司,2015-05-13
603600,永艺股份,永艺家具股份有限公司,2015-01-23
603601,再升科技,重庆再升科技股份有限公司,2015-01-22
603602,纵横通信,杭州纵横通信股份有限公司,2017-08-10
603603,*ST博天,博天环境集团股份有限公司,2017-02-17
603605,珀莱雅,珀莱雅化妆品股份有限公司,2017-11-15
603606,东方电缆,宁波东方电缆股份有限公司,2014-10-15
603607,京华激光,浙江京华激光科技股份有限公司,2017-10-25
603608,天创时尚,天创时尚股份有限公司,2016-02-18
603609,禾丰股份,禾丰食品股份有限公司,2014-08-08
603610,麒盛科技,麒盛科技股份有限公司,2019-10-29
603611,诺力股份,诺力智能装备股份有限公司,2015-01-28
603612,索通发展,索通发展股份有限公司,2017-07-18
603613,国联股份,北京国联视讯信息技术股份有限公司,2019-07-30
603615,茶花股份,茶花现代家居用品股份有限公司,2017-02-13
603616,韩建河山,北京韩建河山管业股份有限公司,2015-06-11
603617,君禾股份,君禾泵业股份有限公司,2017-07-03
603618,杭电股份,杭州电缆股份有限公司,2015-02-17
603619,中曼石油,中曼石油天然气集团股份有限公司,2017-11-17
603626,科森科技,昆山科森科技股份有限公司,2017-02-09
603628,XD清源股,清源科技股份有限公司,2017-01-12
603629,利通电子,江苏利通电子股份有限公司,2018-12-24
603630,拉芳家化,拉芳家化股份有限公司,2017-03-13
603633,徕木股份,上海徕木电子股份有限公司,2016-11-17
603636,南威软件,南威软件股份有限公司,2014-12-30
603637,镇海股份,镇海石化工程股份有限公司,2017-02-08
603638,艾迪精密,烟台艾迪精密机械股份有限公司,2017-01-20
603639,海利尔,海利尔药业集团股份有限公司,2017-01-12
603648,畅联股份,上海畅联国际物流股份有限公司,2017-09-13
603650,彤程新材,彤程新材料集团股份有限公司,2018-06-27
603655,朗博科技,常州朗博密封科技股份有限公司,2017-12-29
603656,泰禾智能,合肥泰禾智能科技集团股份有限公司,2017-03-21
603657,春光科技,金华春光橡塑科技股份有限公司,2018-07-30
603658,安图生物,郑州安图生物工程股份有限公司,2016-09-01
603659,璞泰来,上海璞泰来新能源科技股份有限公司,2017-11-03
603660,苏州科达,苏州科达科技股份有限公司,2016-12-01
603661,恒林股份,恒林家居股份有限公司,2017-11-21
603662,柯力传感,宁波柯力传感科技股份有限公司,2019-08-06
603663,三祥新材,三祥新材股份有限公司,2016-08-01
603665,康隆达,浙江康隆达特种防护科技股份有限公司,2017-03-13
603666,亿嘉和,亿嘉和科技股份有限公司,2018-06-12
603667,五洲新春,浙江五洲新春集团股份有限公司,2016-10-25
603668,天马科技,福建天马科技集团股份有限公司,2017-01-17
603669,灵康药业,灵康药业集团股份有限公司,2015-05-28
603676,卫信康,西藏卫信康医药股份有限公司,2017-07-21
603677,奇精机械,奇精机械股份有限公司,2017-02-06
603678,火炬电子,福建火炬电子科技股份有限公司,2015-01-26
603679,华体科技,四川华体照明科技股份有限公司,2017-06-21
603680,今创集团,今创集团股份有限公司,2018-02-27
603681,永冠新材,上海永冠众诚新材料科技(集团)股份有限公司,2019-03-26
603682,锦和商管,上海锦和商业经营管理股份有限公司,2020-04-21
603683,晶华新材,上海晶华胶粘新材料股份有限公司,2017-10-20
603685,晨丰科技,浙江晨丰科技股份有限公司,2017-11-27
603686,福龙马,福龙马集团股份有限公司,2015-01-26
603687,大胜达,浙江大胜达包装股份有限公司,2019-07-26
603688,石英股份,江苏太平洋石英股份有限公司,2014-10-31
603689,皖天然气,安徽省天然气开发股份有限公司,2017-01-10
603690,至纯科技,上海至纯洁净系统科技股份有限公司,2017-01-13
603693,江苏新能,江苏省新能源开发股份有限公司,2018-07-03
603696,安记食品,安记食品股份有限公司,2015-12-09
603697,有友食品,有友食品股份有限公司,2019-05-08
603698,航天工程,航天长征化学工程股份有限公司,2015-01-28
603699,纽威股份,苏州纽威阀门股份有限公司,2014-01-17
603700,XD宁水集,宁波水表(集团)股份有限公司,2019-01-22
603701,德宏股份,浙江德宏汽车电子电器股份有限公司,2016-04-12
603703,盛洋科技,浙江盛洋科技股份有限公司,2015-04-23
603706,东方环宇,新疆东方环宇燃气股份有限公司,2018-07-09
603707,健友股份,南京健友生化制药股份有限公司,2017-07-19
603708,家家悦,家家悦集团股份有限公司,2016-12-13
603709,中源家居,中源家居股份有限公司,2018-02-08
603711,香飘飘,香飘飘食品股份有限公司,2017-11-30
603712,七一二,天津七一二通信广播股份有限公司,2018-02-26
603713,密尔克卫,密尔克卫化工供应链服务股份有限公司,2018-07-13
603716,塞力医疗,塞力斯医疗科技集团股份有限公司,2016-10-31
603717,天域生态,天域生态环境股份有限公司,2017-03-27
603718,海利生物,上海海利生物技术股份有限公司,2015-05-15
603719,良品铺子,良品铺子股份有限公司,2020-02-24
603721,中广天择,中广天择传媒股份有限公司,2017-08-11
603722,阿科力,无锡阿科力科技股份有限公司,2017-10-25
603725,天安新材,广东天安新材料股份有限公司,2017-09-06
603726,朗迪集团,浙江朗迪集团股份有限公司,2016-04-21
603727,博迈科,博迈科海洋工程股份有限公司,2016-11-22
603728,鸣志电器,上海鸣志电器股份有限公司,2017-05-09
603729,龙韵股份,上海龙韵文创科技集团股份有限公司,2015-03-24
603730,岱美股份,上海岱美汽车内饰件股份有限公司,2017-07-28
603733,仙鹤股份,仙鹤股份有限公司,2018-04-20
603737,三棵树,三棵树涂料股份有限公司,2016-06-03
603738,泰晶科技,泰晶科技股份有限公司,2016-09-28
603739,蔚蓝生物,青岛蔚蓝生物股份有限公司,2019-01-16
603755,日辰股份,青岛日辰食品股份有限公司,2019-08-28
603757,大元泵业,浙江大元泵业股份有限公司,2017-07-11
603758,秦安股份,重庆秦安机电股份有限公司,2017-05-17
603759,海天股份,海天水务集团股份公司,2021-03-26
603766,隆鑫通用,隆鑫通用动力股份有限公司,2012-08-10
603767,中马传动,浙江中马传动股份有限公司,2017-06-13
603768,常青股份,合肥常青机械股份有限公司,2017-03-24
603773,沃格光电,江西沃格光电股份有限公司,2018-04-17
603776,永安行,永安行科技股份有限公司,2017-08-17
603777,来伊份,上海来伊份股份有限公司,2016-10-12
603778,乾景园林,北京乾景园林股份有限公司,2015-12-31
603779,威龙股份,威龙葡萄酒股份有限公司,2016-05-16
603786,科博达,科博达技术股份有限公司,2019-10-15
603787,新日股份,江苏新日电动车股份有限公司,2017-04-27
603788,宁波高发,宁波高发汽车控制系统股份有限公司,2015-01-20
603789,星光农机,星光农机股份有限公司,2015-04-27
603790,雅运股份,上海雅运纺织化工股份有限公司,2018-09-12
603797,联泰环保,广东联泰环保股份有限公司,2017-04-13
603798,康普顿,青岛康普顿科技股份有限公司,2016-04-06
603799,华友钴业,浙江华友钴业股份有限公司,2015-01-29
603800,道森股份,苏州道森钻采设备股份有限公司,2015-12-10
603801,志邦家居,志邦家居股份有限公司,2017-06-30
603803,瑞斯康达,瑞斯康达科技发展股份有限公司,2017-04-20
603806,福斯特,杭州福斯特应用材料股份有限公司,2014-09-05
603808,歌力思,深圳歌力思服饰股份有限公司,2015-04-22
603809,豪能股份,成都豪能科技股份有限公司,2017-11-28
603810,丰山集团,江苏丰山集团股份有限公司,2018-09-17
603811,诚意药业,浙江诚意药业股份有限公司,2017-03-15
603813,原尚股份,广东原尚物流股份有限公司,2017-09-18
603815,交建股份,安徽省交通建设股份有限公司,2019-10-21
603816,顾家家居,顾家家居股份有限公司,2016-10-14
603817,海峡环保,福建海峡环保集团股份有限公司,2017-02-20
603818,曲美家居,曲美家居集团股份有限公司,2015-04-22
603819,神力股份,常州神力电机股份有限公司,2016-11-25
603822,嘉澳环保,浙江嘉澳环保科技股份有限公司,2016-04-28
603823,DR百合花,百合花集团股份有限公司,2016-12-20
603825,华扬联众,华扬联众数字技术股份有限公司,2017-08-02
603826,坤彩科技,福建坤彩材料科技股份有限公司,2017-04-14
603828,柯利达,苏州柯利达装饰股份有限公司,2015-02-26
603829,洛凯股份,江苏洛凯机电股份有限公司,2017-10-17
603833,欧派家居,欧派家居集团股份有限公司,2017-03-28
603836,海程邦达,海程邦达供应链管理股份有限公司,2021-05-26
603838,四通股份,广东四通集团股份有限公司,2015-07-01
603839,安正时尚,安正时尚集团股份有限公司,2017-02-14
603843,正平股份,正平路桥建设股份有限公司,2016-09-05
603848,好太太,广东好太太科技集团股份有限公司,2017-12-01
603855,华荣股份,华荣科技股份有限公司,2017-05-24
603856,东宏股份,山东东宏管业股份有限公司,2017-11-06
603858,步长制药,山东步长制药股份有限公司,2016-11-18
603859,能科科技,能科科技股份有限公司,2016-10-21
603860,中公高科,中公高科养护科技股份有限公司,2017-08-02
603861,白云电器,广州白云电器设备股份有限公司,2016-03-22
603863,松炀资源,广东松炀再生资源股份有限公司,2019-06-21
603866,桃李面包,桃李面包股份有限公司,2015-12-22
603867,新化股份,浙江新化化工股份有限公司,2019-06-27
603868,飞科电器,上海飞科电器股份有限公司,2016-04-18
603869,新智认知,新智认知数字科技股份有限公司,2015-03-26
603871,嘉友国际,嘉友国际物流股份有限公司,2018-02-06
603876,鼎胜新材,江苏鼎胜新能源材料股份有限公司,2018-04-18
603877,太平鸟,宁波太平鸟时尚服饰股份有限公司,2017-01-09
603878,武进不锈,江苏武进不锈股份有限公司,2016-12-19
603879,永悦科技,永悦科技股份有限公司,2017-06-14
603880,ST南卫,江苏南方卫材医药股份有限公司,2017-08-07
603881,数据港,上海数据港股份有限公司,2017-02-08
603882,金域医学,广州金域医学检验集团股份有限公司,2017-09-08
603883,老百姓,老百姓大药房连锁股份有限公司,2015-04-23
603885,吉祥航空,上海吉祥航空股份有限公司,2015-05-27
603886,元祖股份,上海元祖梦果子股份有限公司,2016-12-28
603887,城地香江,上海城地香江数据科技股份有限公司,2016-10-10
603888,新华网,新华网股份有限公司,2016-10-28
603889,新澳股份,浙江新澳纺织股份有限公司,2014-12-31
603890,春秋电子,苏州春秋电子科技股份有限公司,2017-12-12
603893,瑞芯微,瑞芯微电子股份有限公司,2020-02-07
603895,天永智能,上海天永智能装备股份有限公司,2018-01-22
603896,寿仙谷,浙江寿仙谷医药股份有限公司,2017-05-10
603897,长城科技,浙江长城电工科技股份有限公司,2018-04-10
603898,好莱客,广州好莱客创意家居股份有限公司,2015-02-17
603899,晨光股份,上海晨光文具股份有限公司,2015-01-27
603900,莱绅通灵,莱绅通灵珠宝股份有限公司,2016-11-23
603901,永创智能,杭州永创智能设备股份有限公司,2015-05-29
603903,中持股份,中持水务股份有限公司,2017-03-14
603906,龙蟠科技,江苏龙蟠科技股份有限公司,2017-04-10
603908,牧高笛,牧高笛户外用品股份有限公司,2017-03-07
603909,建发合诚,建发合诚工程咨询股份有限公司,2016-06-28
603912,佳力图,南京佳力图机房环境技术股份有限公司,2017-11-01
603915,国茂股份,江苏国茂减速机股份有限公司,2019-06-14
603916,苏博特,江苏苏博特新材料股份有限公司,2017-11-10
603917,合力科技,宁波合力科技股份有限公司,2017-12-04
603918,金桥信息,上海金桥信息股份有限公司,2015-05-28
603919,金徽酒,金徽酒股份有限公司,2016-03-10
603920,世运电路,广东世运电路科技股份有限公司,2017-04-26
603922,金鸿顺,苏州金鸿顺汽车部件股份有限公司,2017-10-23
603926,铁流股份,浙江铁流离合器股份有限公司,2017-05-10
603927,中科软,中科软科技股份有限公司,2019-09-09
603928,兴业股份,苏州兴业材料科技股份有限公司,2016-12-12
603929,亚翔集成,亚翔系统集成科技(苏州)股份有限公司,2016-12-30
603931,格林达,杭州格林达电子材料股份有限公司,2020-08-19
603933,睿能科技,福建睿能科技股份有限公司,2017-07-06
603936,博敏电子,博敏电子股份有限公司,2015-12-09
603937,丽岛新材,江苏丽岛新材料股份有限公司,2017-11-02
603938,三孚股份,唐山三孚硅业股份有限公司,2017-06-28
603939,益丰药房,益丰大药房连锁股份有限公司,2015-02-17
603948,建业股份,浙江建业化工股份有限公司,2020-03-02
603949,雪龙集团,雪龙集团股份有限公司,2020-03-10
603950,长源东谷,襄阳长源东谷实业股份有限公司,2020-05-26
603955,大千生态,大千生态环境集团股份有限公司,2017-03-10
603956,威派格,上海威派格智慧水务股份有限公司,2019-02-22
603958,哈森股份,哈森商贸(中国)股份有限公司,2016-06-29
603959,百利科技,湖南百利工程科技股份有限公司,2016-05-17
603960,克来机电,上海克来机电自动化工程股份有限公司,2017-03-14
603963,大理药业,大理药业股份有限公司,2017-09-22
603966,法兰泰克,法兰泰克重工股份有限公司,2017-01-25
603967,中创物流,中创物流股份有限公司,2019-04-29
603968,醋化股份,南通醋酸化工股份有限公司,2015-05-18
603969,银龙股份,天津银龙预应力材料股份有限公司,2015-02-27
603970,中农立华,中农立华生物科技股份有限公司,2017-11-16
603976,正川股份,重庆正川医药包装材料股份有限公司,2017-08-22
603977,国泰集团,江西国泰集团股份有限公司,2016-11-11
603978,深圳新星,深圳市新星轻合金材料股份有限公司,2017-08-07
603979,金诚信,金诚信矿业管理股份有限公司,2015-06-30
603980,吉华集团,浙江吉华集团股份有限公司,2017-06-15
603982,泉峰汽车,南京泉峰汽车精密技术股份有限公司,2019-05-22
603983,丸美股份,广东丸美生物技术股份有限公司,2019-07-25
603985,恒润股份,江阴市恒润重工股份有限公司,2017-05-05
603986,兆易创新,兆易创新科技集团股份有限公司,2016-08-18
603987,康德莱,上海康德莱企业发展集团股份有限公司,2016-11-21
603988,中电电机,中电电机股份有限公司,2014-11-04
603989,艾华集团,湖南艾华集团股份有限公司,2015-05-15
603990,麦迪科技,苏州麦迪斯顿医疗科技股份有限公司,2016-12-08
603991,至正股份,深圳至正高分子材料股份有限公司,2017-03-08
603992,松霖科技,厦门松霖科技股份有限公司,2019-08-26
603993,洛阳钼业,洛阳栾川钼业集团股份有限公司,2012-10-09
603995,甬金股份,浙江甬金金属科技股份有限公司,2019-12-24
603997,继峰股份,宁波继峰汽车零部件股份有限公司,2015-03-02
603998,方盛制药,湖南方盛制药股份有限公司,2014-12-05
603999,读者传媒,读者出版传媒股份有限公司,2015-12-10
605001,威奥股份,青岛威奥轨道股份有限公司,2020-05-22
605003,众望布艺,众望布艺股份有限公司,2020-09-08
605005,合兴股份,合兴汽车电子股份有限公司,2021-01-19
605006,山东玻纤,山东玻纤集团股份有限公司,2020-09-03
605007,五洲特纸,五洲特种纸业集团股份有限公司,2020-11-10
605008,长鸿高科,宁波长鸿高分子科技股份有限公司,2020-08-21
605009,豪悦护理,杭州豪悦护理用品股份有限公司,2020-09-11
605011,杭州热电,杭州热电集团股份有限公司,2021-06-30
605016,百龙创园,山东百龙创园生物科技股份有限公司,2021-04-21
605018,长华集团,长华控股集团股份有限公司,2020-09-29
605020,永和股份,浙江永和制冷股份有限公司,2021-07-09
605028,世茂能源,宁波世茂能源股份有限公司,2021-07-12
605033,美邦股份,陕西美邦药业集团股份有限公司,2021-09-16
605050,福然德,福然德股份有限公司,2020-09-24
605055,迎丰股份,浙江迎丰科技股份有限公司,2021-01-29
605056,咸亨国际,咸亨国际科技股份有限公司,2021-07-20
605058,澳弘电子,常州澳弘电子股份有限公司,2020-10-21
605060,联德股份,杭州联德精密机械股份有限公司,2021-03-01
605066,天正电气,浙江天正电气股份有限公司,2020-08-07
605068,明新旭腾,明新旭腾新材料股份有限公司,2020-11-23
605069,正和生态,北京正和恒基滨水生态环境治理股份有限公司,2021-08-16
605077,华康股份,浙江华康药业股份有限公司,2021-02-09
605080,浙江自然,浙江大自然户外用品股份有限公司,2021-05-06
605081,太和水,上海太和水科技发展股份有限公司,2021-02-09
605086,龙高股份,龙岩高岭土股份有限公司,2021-04-16
605088,冠盛股份,温州市冠盛汽车零部件集团股份有限公司,2020-08-17
605089,味知香,苏州市味知香食品股份有限公司,2021-04-27
605090,九丰能源,江西九丰能源股份有限公司,2021-05-25
605098,行动教育,上海行动教育科技股份有限公司,2021-04-21
605099,共创草坪,江苏共创人造草坪股份有限公司,2020-09-30
605100,华丰股份,华丰动力股份有限公司,2020-08-11
605108,同庆楼,同庆楼餐饮股份有限公司,2020-07-16
605111,新洁能,无锡新洁能股份有限公司,2020-09-28
605116,奥锐特,奥锐特药业股份有限公司,2020-09-21
605117,德业股份,宁波德业科技股份有限公司,2021-04-20
605118,力鼎光电,厦门力鼎光电股份有限公司,2020-07-30
605122,四方新材,重庆四方新材股份有限公司,2021-03-10
605123,派克新材,无锡派克新材料科技股份有限公司,2020-08-25
605128,上海沿浦,上海沿浦金属制品股份有限公司,2020-09-15
605133,嵘泰股份,江苏嵘泰工业股份有限公司,2021-02-24
605136,丽人丽妆,上海丽人丽妆化妆品股份有限公司,2020-09-29
605138,盛泰集团,浙江盛泰服装集团股份有限公司,2021-10-27
605151,西上海,西上海汽车服务股份有限公司,2020-12-15
605155,西大门,浙江西大门新材料股份有限公司,2020-12-31
605158,华达新材,浙江华达新型材料股份有限公司,2020-08-05
605162,新中港,浙江新中港热电股份有限公司,2021-07-07
605166,聚合顺,杭州聚合顺新材料股份有限公司,2020-06-18
605167,利柏特,江苏利柏特股份有限公司,2021-07-26
605168,三人行,三人行传媒集团股份有限公司,2020-05-28
605169,洪通燃气,新疆洪通燃气股份有限公司,2020-10-30
605177,东亚药业,浙江东亚药业股份有限公司,2020-11-25
605178,时空科技,北京新时空科技股份有限公司,2020-08-21
605179,一鸣食品,浙江一鸣食品股份有限公司,2020-12-28
605180,华生科技,浙江华生科技股份有限公司,2021-04-30
605183,确成股份,确成硅化学股份有限公司,2020-12-07
605186,健麾信息,上海健麾信息技术股份有限公司,2020-12-22
605188,国光连锁,江西国光商业连锁股份有限公司,2020-07-28
605189,富春染织,芜湖富春染织股份有限公司,2021-05-28
605196,华通线缆,河北华通线缆集团股份有限公司,2021-05-11
605198,安德利,烟台北方安德利果汁股份有限公司,2020-09-18
605199,葫芦娃,海南葫芦娃药业集团股份有限公司,2020-07-10
605208,永茂泰,上海永茂泰汽车科技股份有限公司,2021-03-08
605218,伟时电子,伟时电子股份有限公司,2020-09-28
605222,起帆电缆,上海起帆电缆股份有限公司,2020-07-31
605228,神通科技,神通科技集团股份有限公司,2021-01-20
605255,天普股份,宁波市天普橡胶科技股份有限公司,2020-08-25
605258,协和电子,江苏协和电子股份有限公司,2020-12-03
605259,绿田机械,绿田机械股份有限公司,2021-06-15
605266,健之佳,健之佳医药连锁集团股份有限公司,2020-12-01
605268,王力安防,王力安防科技股份有限公司,2021-02-24
605277,新亚电子,新亚电子股份有限公司,2021-01-06
605286,同力日升,江苏同力日升机械股份有限公司,2021-03-22
605287,德才股份,德才装饰股份有限公司,2021-07-06
605288,凯迪股份,常州市凯迪电器股份有限公司,2020-06-01
605289,罗曼股份,上海罗曼照明科技股份有限公司,2021-04-26
605296,神农集团,云南神农农业产业集团股份有限公司,2021-05-28
605298,必得科技,江苏必得科技股份有限公司,2021-03-01
605299,舒华体育,舒华体育股份有限公司,2020-12-15
605300,佳禾食品,佳禾食品工业股份有限公司,2021-04-30
605303,园林股份,杭州市园林绿化股份有限公司,2021-03-01
605305,中际联合,中际联合(北京)科技股份有限公司,2021-05-06
605318,法狮龙,法狮龙家居建材股份有限公司,2020-08-03
605319,无锡振华,无锡市振华汽车部件股份有限公司,2021-06-07
605333,沪光股份,昆山沪光汽车电器股份有限公司,2020-08-18
605336,帅丰电器,浙江帅丰电器股份有限公司,2020-10-19
605337,李子园,浙江李子园食品股份有限公司,2021-02-08
605338,巴比食品,中饮巴比食品股份有限公司,2020-10-12
605339,南侨食品,南侨食品集团(上海)股份有限公司,2021-05-18
605358,立昂微,杭州立昂微电子股份有限公司,2020-09-11
605365,立达信,立达信物联科技股份有限公司,2021-07-20
605366,宏柏新材,江西宏柏新材料股份有限公司,2020-08-12
605368,蓝天燃气,河南蓝天燃气股份有限公司,2021-01-29
605369,拱东医疗,浙江拱东医疗器械股份有限公司,2020-09-16
605376,博迁新材,江苏博迁新材料股份有限公司,2020-12-08
605377,华旺科技,杭州华旺新材料科技股份有限公司,2020-12-28
605378,野马电池,浙江野马电池股份有限公司,2021-04-12
605388,均瑶健康,湖北均瑶大健康饮品股份有限公司,2020-08-18
605389,长龄液压,江苏长龄液压股份有限公司,2021-03-22
605398,新炬网络,上海新炬网络信息技术股份有限公司,2021-01-21
605399,晨光新材,江西晨光新材料股份有限公司,2020-08-04
605488,福莱新材,浙江福莱新材料股份有限公司,2021-05-13
605499,东鹏饮料,东鹏饮料(集团)股份有限公司,2021-05-27
605500,森林包装,森林包装集团股份有限公司,2020-12-22
605507,国邦医药,国邦医药集团股份有限公司,2021-08-02
605555,德昌股份,宁波德昌电机股份有限公司,2021-10-21
605566,福莱蒽特,杭州福莱蒽特股份有限公司,2021-10-25
605567,XD春雪食,春雪食品集团股份有限公司,2021-10-13
605577,龙版传媒,黑龙江出版传媒股份有限公司,2021-08-24
605580,恒盛能源,恒盛能源股份有限公司,2021-08-19
605588,冠石科技,南京冠石科技股份有限公司,2021-08-12
605589,圣泉集团,济南圣泉集团股份有限公司,2021-08-10
605598,上海港湾,上海港湾基础建设(集团)股份有限公司,2021-09-17
605599,菜百股份,北京菜市口百货股份有限公司,2021-09-09
